Employee_ID,Department,Engagement_Score_Before,Engagement_Score_After,Survey_Date_Before,Survey_Date_After
1,Sales,3.98,3.41,2024-02-08 11:29:54.542918,2025-02-07 11:29:54.544340
2,Finance,2.2,4.52,2024-02-08 11:29:54.542927,2025-02-07 11:29:54.544340
3,IT,3.4,3.33,2024-02-08 11:29:54.542930,2025-02-07 11:29:54.544341
4,Sales,2.17,4.12,2024-02-08 11:29:54.542931,2025-02-07 11:29:54.544341
5,IT,3.42,4.85,2024-02-08 11:29:54.542932,2025-02-07 11:29:54.544341
6,Finance,3.06,3.29,2024-02-08 11:29:54.542933,2025-02-07 11:29:54.544342
7,HR,3.64,4.64,2024-02-08 11:29:54.542935,2025-02-07 11:29:54.544342
8,Finance,3.36,4.94,2024-02-08 11:29:54.542937,2025-02-07 11:29:54.544343
9,Finance,2.01,3.1,2024-02-08 11:29:54.542938,2025-02-07 11:29:54.544344
10,Finance,2.9,3.91,2024-02-08 11:29:54.542940,2025-02-07 11:29:54.544344
11,IT,2.93,3.4,2024-02-08 11:29:54.542941,2025-02-07 11:29:54.544345
12,Engineering,2.38,3.41,2024-02-08 11:29:54.542943,2025-02-07 11:29:54.544345
13,Finance,2.6,4.74,2024-02-08 11:29:54.542944,2025-02-07 11:29:54.544346
14,Marketing,3.0,3.92,2024-02-08 11:29:54.542945,2025-02-07 11:29:54.544346
15,Marketing,3.79,4.69,2024-02-08 11:29:54.542946,2025-02-07 11:29:54.544346
16,Sales,3.16,4.11,2024-02-08 11:29:54.542947,2025-02-07 11:29:54.544347
17,Engineering,3.7,3.49,2024-02-08 11:29:54.542948,2025-02-07 11:29:54.544347
18,Sales,3.81,3.76,2024-02-08 11:29:54.542950,2025-02-07 11:29:54.544348
19,Marketing,3.03,3.12,2024-02-08 11:29:54.542951,2025-02-07 11:29:54.544348
20,Customer Support,2.76,3.69,2024-02-08 11:29:54.542952,2025-02-07 11:29:54.544348
21,Marketing,3.1,4.07,2024-02-08 11:29:54.542953,2025-02-07 11:29:54.544349
22,HR,3.55,3.54,2024-02-08 11:29:54.542955,2025-02-07 11:29:54.544349
23,Finance,3.83,3.34,2024-02-08 11:29:54.542956,2025-02-07 11:29:54.544349
24,Customer Support,2.69,4.96,2024-02-08 11:29:54.542957,2025-02-07 11:29:54.544350
25,Marketing,3.78,3.19,2024-02-08 11:29:54.542958,2025-02-07 11:29:54.544350
26,IT,2.38,4.72,2024-02-08 11:29:54.542959,2025-02-07 11:29:54.544351
27,IT,3.6,3.2,2024-02-08 11:29:54.542961,2025-02-07 11:29:54.544351
28,Sales,2.77,4.44,2024-02-08 11:29:54.542962,2025-02-07 11:29:54.544351
29,Customer Support,2.46,3.31,2024-02-08 11:29:54.542963,2025-02-07 11:29:54.544352
30,Sales,3.51,3.61,2024-02-08 11:29:54.542964,2025-02-07 11:29:54.544352
31,Finance,2.64,3.48,2024-02-08 11:29:54.542965,2025-02-07 11:29:54.544352
32,Finance,2.3,4.01,2024-02-08 11:29:54.542966,2025-02-07 11:29:54.544353
33,HR,3.82,4.85,2024-02-08 11:29:54.542967,2025-02-07 11:29:54.544353
34,Engineering,3.23,4.14,2024-02-08 11:29:54.542969,2025-02-07 11:29:54.544353
35,Sales,3.39,4.94,2024-02-08 11:29:54.542970,2025-02-07 11:29:54.544354
36,Finance,3.96,4.68,2024-02-08 11:29:54.542971,2025-02-07 11:29:54.544354
37,Sales,3.74,4.18,2024-02-08 11:29:54.542972,2025-02-07 11:29:54.544355
38,Finance,3.91,3.22,2024-02-08 11:29:54.542974,2025-02-07 11:29:54.544355
39,Marketing,3.18,4.39,2024-02-08 11:29:54.542975,2025-02-07 11:29:54.544355
40,Sales,2.77,4.41,2024-02-08 11:29:54.542976,2025-02-07 11:29:54.544356
41,Marketing,2.15,4.8,2024-02-08 11:29:54.542977,2025-02-07 11:29:54.544356
42,Sales,2.57,3.12,2024-02-08 11:29:54.542978,2025-02-07 11:29:54.544356
43,Engineering,2.18,4.53,2024-02-08 11:29:54.542979,2025-02-07 11:29:54.544357
44,HR,2.22,4.22,2024-02-08 11:29:54.542981,2025-02-07 11:29:54.544357
45,IT,2.81,3.91,2024-02-08 11:29:54.542982,2025-02-07 11:29:54.544358
46,IT,3.12,3.88,2024-02-08 11:29:54.542983,2025-02-07 11:29:54.544358
47,IT,3.05,3.58,2024-02-08 11:29:54.542984,2025-02-07 11:29:54.544358
48,Marketing,3.7,4.18,2024-02-08 11:29:54.542985,2025-02-07 11:29:54.544359
49,Customer Support,3.13,4.54,2024-02-08 11:29:54.542986,2025-02-07 11:29:54.544359
50,Finance,2.15,4.01,2024-02-08 11:29:54.542988,2025-02-07 11:29:54.544359
51,IT,2.58,4.13,2024-02-08 11:29:54.542989,2025-02-07 11:29:54.544360
52,Engineering,2.88,3.96,2024-02-08 11:29:54.542990,2025-02-07 11:29:54.544360
53,IT,2.61,4.18,2024-02-08 11:29:54.542991,2025-02-07 11:29:54.544360
54,Sales,3.39,3.61,2024-02-08 11:29:54.542992,2025-02-07 11:29:54.544361
55,Marketing,2.9,4.05,2024-02-08 11:29:54.542993,2025-02-07 11:29:54.544361
56,Customer Support,3.75,3.39,2024-02-08 11:29:54.542995,2025-02-07 11:29:54.544362
57,Sales,2.05,4.49,2024-02-08 11:29:54.542996,2025-02-07 11:29:54.544363
58,Customer Support,3.73,3.72,2024-02-08 11:29:54.542997,2025-02-07 11:29:54.544363
59,Sales,2.82,4.85,2024-02-08 11:29:54.542998,2025-02-07 11:29:54.544364
60,Sales,3.76,4.51,2024-02-08 11:29:54.543000,2025-02-07 11:29:54.544364
61,HR,3.78,3.67,2024-02-08 11:29:54.543001,2025-02-07 11:29:54.544364
62,HR,2.11,4.83,2024-02-08 11:29:54.543002,2025-02-07 11:29:54.544365
63,Finance,2.05,4.36,2024-02-08 11:29:54.543003,2025-02-07 11:29:54.544365
64,Marketing,3.02,4.96,2024-02-08 11:29:54.543004,2025-02-07 11:29:54.544365
65,Engineering,2.19,4.38,2024-02-08 11:29:54.543005,2025-02-07 11:29:54.544366
66,Engineering,3.27,3.15,2024-02-08 11:29:54.543007,2025-02-07 11:29:54.544366
67,Engineering,3.71,4.69,2024-02-08 11:29:54.543008,2025-02-07 11:29:54.544367
68,Sales,2.18,3.05,2024-02-08 11:29:54.543009,2025-02-07 11:29:54.544367
69,HR,3.48,3.17,2024-02-08 11:29:54.543010,2025-02-07 11:29:54.544368
70,Marketing,3.36,4.98,2024-02-08 11:29:54.543011,2025-02-07 11:29:54.544368
71,Sales,3.67,3.39,2024-02-08 11:29:54.543012,2025-02-07 11:29:54.544368
72,Customer Support,3.73,4.01,2024-02-08 11:29:54.543013,2025-02-07 11:29:54.544368
73,HR,2.95,4.59,2024-02-08 11:29:54.543015,2025-02-07 11:29:54.544369
74,HR,3.1,4.59,2024-02-08 11:29:54.543016,2025-02-07 11:29:54.544369
75,IT,2.22,3.57,2024-02-08 11:29:54.543017,2025-02-07 11:29:54.544369
76,IT,3.74,3.44,2024-02-08 11:29:54.543018,2025-02-07 11:29:54.544370
77,Marketing,3.92,4.45,2024-02-08 11:29:54.543019,2025-02-07 11:29:54.544370
78,Customer Support,2.32,4.47,2024-02-08 11:29:54.543020,2025-02-07 11:29:54.544371
79,Marketing,3.5,4.42,2024-02-08 11:29:54.543021,2025-02-07 11:29:54.544371
80,Marketing,3.02,4.1,2024-02-08 11:29:54.543023,2025-02-07 11:29:54.544371
81,Sales,2.32,3.23,2024-02-08 11:29:54.543024,2025-02-07 11:29:54.544372
82,Finance,3.77,3.28,2024-02-08 11:29:54.543025,2025-02-07 11:29:54.544372
83,Marketing,2.07,4.55,2024-02-08 11:29:54.543026,2025-02-07 11:29:54.544373
84,IT,3.84,3.92,2024-02-08 11:29:54.543028,2025-02-07 11:29:54.544373
85,Finance,3.59,3.54,2024-02-08 11:29:54.543029,2025-02-07 11:29:54.544373
86,Sales,3.82,3.65,2024-02-08 11:29:54.543030,2025-02-07 11:29:54.544374
87,Finance,3.28,3.28,2024-02-08 11:29:54.543031,2025-02-07 11:29:54.544374
88,Engineering,2.79,3.39,2024-02-08 11:29:54.543032,2025-02-07 11:29:54.544374
89,Customer Support,3.85,4.95,2024-02-08 11:29:54.543034,2025-02-07 11:29:54.544375
90,Finance,3.93,4.2,2024-02-08 11:29:54.543035,2025-02-07 11:29:54.544375
91,Marketing,3.31,3.98,2024-02-08 11:29:54.543036,2025-02-07 11:29:54.544375
92,Sales,2.55,4.55,2024-02-08 11:29:54.543037,2025-02-07 11:29:54.544376
93,Customer Support,3.58,3.27,2024-02-08 11:29:54.543038,2025-02-07 11:29:54.544376
94,Marketing,2.54,4.16,2024-02-08 11:29:54.543039,2025-02-07 11:29:54.544377
95,Customer Support,3.76,3.75,2024-02-08 11:29:54.543041,2025-02-07 11:29:54.544377
96,IT,2.31,4.94,2024-02-08 11:29:54.543042,2025-02-07 11:29:54.544377
97,Engineering,3.99,3.7,2024-02-08 11:29:54.543043,2025-02-07 11:29:54.544378
98,IT,2.46,4.57,2024-02-08 11:29:54.543044,2025-02-07 11:29:54.544379
99,Marketing,3.61,3.29,2024-02-08 11:29:54.543045,2025-02-07 11:29:54.544380
100,Marketing,2.94,3.98,2024-02-08 11:29:54.543047,2025-02-07 11:29:54.544380
101,Marketing,3.03,4.88,2024-02-08 11:29:54.543048,2025-02-07 11:29:54.544381
102,HR,2.85,4.67,2024-02-08 11:29:54.543049,2025-02-07 11:29:54.544381
103,Engineering,3.65,3.38,2024-02-08 11:29:54.543050,2025-02-07 11:29:54.544382
104,Customer Support,2.79,3.3,2024-02-08 11:29:54.543051,2025-02-07 11:29:54.544383
105,Marketing,2.61,3.53,2024-02-08 11:29:54.543052,2025-02-07 11:29:54.544383
106,Marketing,2.09,3.34,2024-02-08 11:29:54.543053,2025-02-07 11:29:54.544384
107,Customer Support,2.98,4.56,2024-02-08 11:29:54.543055,2025-02-07 11:29:54.544384
108,IT,2.82,4.27,2024-02-08 11:29:54.543056,2025-02-07 11:29:54.544385
109,IT,3.2,4.11,2024-02-08 11:29:54.543057,2025-02-07 11:29:54.544386
110,Marketing,3.04,4.64,2024-02-08 11:29:54.543058,2025-02-07 11:29:54.544387
111,Sales,2.24,4.8,2024-02-08 11:29:54.543059,2025-02-07 11:29:54.544388
112,HR,3.95,4.63,2024-02-08 11:29:54.543060,2025-02-07 11:29:54.544388
113,IT,2.55,5.0,2024-02-08 11:29:54.543062,2025-02-07 11:29:54.544389
114,Sales,2.99,3.27,2024-02-08 11:29:54.543063,2025-02-07 11:29:54.544389
115,HR,2.94,3.15,2024-02-08 11:29:54.543064,2025-02-07 11:29:54.544390
116,Marketing,2.95,4.38,2024-02-08 11:29:54.543065,2025-02-07 11:29:54.544391
117,Engineering,3.73,4.72,2024-02-08 11:29:54.543066,2025-02-07 11:29:54.544391
118,Finance,3.04,3.84,2024-02-08 11:29:54.543067,2025-02-07 11:29:54.544392
119,Finance,2.04,4.83,2024-02-08 11:29:54.543069,2025-02-07 11:29:54.544393
120,Marketing,3.49,3.63,2024-02-08 11:29:54.543070,2025-02-07 11:29:54.544393
121,IT,2.03,3.03,2024-02-08 11:29:54.543072,2025-02-07 11:29:54.544394
122,Sales,2.56,4.16,2024-02-08 11:29:54.543074,2025-02-07 11:29:54.544394
123,Engineering,2.93,4.3,2024-02-08 11:29:54.543076,2025-02-07 11:29:54.544395
124,Customer Support,2.61,4.05,2024-02-08 11:29:54.543079,2025-02-07 11:29:54.544396
125,HR,3.08,3.87,2024-02-08 11:29:54.543081,2025-02-07 11:29:54.544396
126,Marketing,2.44,4.57,2024-02-08 11:29:54.543083,2025-02-07 11:29:54.544397
127,Engineering,3.17,3.72,2024-02-08 11:29:54.543085,2025-02-07 11:29:54.544398
128,Engineering,3.04,4.76,2024-02-08 11:29:54.543088,2025-02-07 11:29:54.544399
129,IT,2.74,3.56,2024-02-08 11:29:54.543089,2025-02-07 11:29:54.544400
130,HR,2.5,3.23,2024-02-08 11:29:54.543091,2025-02-07 11:29:54.544402
131,Engineering,3.25,3.42,2024-02-08 11:29:54.543092,2025-02-07 11:29:54.544402
132,IT,3.16,3.81,2024-02-08 11:29:54.543093,2025-02-07 11:29:54.544402
133,Sales,3.12,3.22,2024-02-08 11:29:54.543097,2025-02-07 11:29:54.544403
134,IT,2.64,4.09,2024-02-08 11:29:54.543098,2025-02-07 11:29:54.544403
135,Sales,3.8,4.71,2024-02-08 11:29:54.543099,2025-02-07 11:29:54.544403
136,Sales,2.48,3.86,2024-02-08 11:29:54.543100,2025-02-07 11:29:54.544404
137,Customer Support,3.92,3.09,2024-02-08 11:29:54.543101,2025-02-07 11:29:54.544404
138,Customer Support,2.95,4.94,2024-02-08 11:29:54.543102,2025-02-07 11:29:54.544404
139,Engineering,3.22,4.12,2024-02-08 11:29:54.543103,2025-02-07 11:29:54.544405
140,IT,2.2,4.63,2024-02-08 11:29:54.543104,2025-02-07 11:29:54.544405
141,Customer Support,3.32,4.82,2024-02-08 11:29:54.543105,2025-02-07 11:29:54.544406
142,Sales,2.4,3.89,2024-02-08 11:29:54.543106,2025-02-07 11:29:54.544406
143,Customer Support,2.22,3.51,2024-02-08 11:29:54.543107,2025-02-07 11:29:54.544406
144,HR,2.31,3.17,2024-02-08 11:29:54.543108,2025-02-07 11:29:54.544407
145,Engineering,2.15,3.53,2024-02-08 11:29:54.543109,2025-02-07 11:29:54.544407
146,IT,2.51,3.12,2024-02-08 11:29:54.543110,2025-02-07 11:29:54.544407
147,IT,2.46,4.95,2024-02-08 11:29:54.543111,2025-02-07 11:29:54.544408
148,Finance,3.98,4.73,2024-02-08 11:29:54.543112,2025-02-07 11:29:54.544408
149,IT,3.14,3.88,2024-02-08 11:29:54.543113,2025-02-07 11:29:54.544408
150,Engineering,2.8,3.61,2024-02-08 11:29:54.543115,2025-02-07 11:29:54.544409
151,HR,3.07,3.84,2024-02-08 11:29:54.543116,2025-02-07 11:29:54.544409
152,IT,2.73,3.09,2024-02-08 11:29:54.543117,2025-02-07 11:29:54.544410
153,Finance,3.63,4.71,2024-02-08 11:29:54.543119,2025-02-07 11:29:54.544410
154,Engineering,2.91,3.67,2024-02-08 11:29:54.543121,2025-02-07 11:29:54.544410
155,Sales,2.27,3.63,2024-02-08 11:29:54.543123,2025-02-07 11:29:54.544411
156,Marketing,3.86,3.05,2024-02-08 11:29:54.543125,2025-02-07 11:29:54.544411
157,Marketing,3.48,3.16,2024-02-08 11:29:54.543128,2025-02-07 11:29:54.544411
158,Sales,2.92,3.17,2024-02-08 11:29:54.543130,2025-02-07 11:29:54.544412
159,Customer Support,3.33,3.77,2024-02-08 11:29:54.543132,2025-02-07 11:29:54.544412
160,IT,2.41,4.12,2024-02-08 11:29:54.543134,2025-02-07 11:29:54.544412
161,Marketing,2.33,3.12,2024-02-08 11:29:54.543136,2025-02-07 11:29:54.544413
162,Customer Support,2.29,4.79,2024-02-08 11:29:54.543139,2025-02-07 11:29:54.544413
163,Marketing,2.92,4.33,2024-02-08 11:29:54.543140,2025-02-07 11:29:54.544413
164,Sales,3.71,3.82,2024-02-08 11:29:54.543141,2025-02-07 11:29:54.544414
165,IT,2.13,4.22,2024-02-08 11:29:54.543142,2025-02-07 11:29:54.544414
166,IT,3.45,4.55,2024-02-08 11:29:54.543143,2025-02-07 11:29:54.544415
167,Customer Support,3.48,4.3,2024-02-08 11:29:54.543144,2025-02-07 11:29:54.544415
168,Sales,3.63,4.7,2024-02-08 11:29:54.543145,2025-02-07 11:29:54.544415
169,Customer Support,3.22,4.4,2024-02-08 11:29:54.543146,2025-02-07 11:29:54.544416
170,IT,2.08,3.93,2024-02-08 11:29:54.543147,2025-02-07 11:29:54.544416
171,IT,2.8,4.01,2024-02-08 11:29:54.543149,2025-02-07 11:29:54.544416
172,Engineering,3.37,4.83,2024-02-08 11:29:54.543150,2025-02-07 11:29:54.544417
173,Customer Support,2.9,4.61,2024-02-08 11:29:54.543152,2025-02-07 11:29:54.544417
174,Engineering,3.41,3.23,2024-02-08 11:29:54.543155,2025-02-07 11:29:54.544417
175,Sales,2.97,4.79,2024-02-08 11:29:54.543157,2025-02-07 11:29:54.544418
176,HR,2.43,3.82,2024-02-08 11:29:54.543159,2025-02-07 11:29:54.544418
177,Marketing,2.9,3.27,2024-02-08 11:29:54.543161,2025-02-07 11:29:54.544419
178,Engineering,3.53,4.42,2024-02-08 11:29:54.543164,2025-02-07 11:29:54.544419
179,Marketing,3.01,4.97,2024-02-08 11:29:54.543166,2025-02-07 11:29:54.544419
180,Finance,3.8,4.43,2024-02-08 11:29:54.543168,2025-02-07 11:29:54.544420
181,Sales,2.52,4.38,2024-02-08 11:29:54.543170,2025-02-07 11:29:54.544420
182,HR,3.02,4.63,2024-02-08 11:29:54.543172,2025-02-07 11:29:54.544421
183,Finance,2.94,3.1,2024-02-08 11:29:54.543174,2025-02-07 11:29:54.544421
184,Finance,2.92,4.46,2024-02-08 11:29:54.543176,2025-02-07 11:29:54.544421
185,IT,2.81,3.62,2024-02-08 11:29:54.543178,2025-02-07 11:29:54.544422
186,Finance,3.89,4.88,2024-02-08 11:29:54.543180,2025-02-07 11:29:54.544422
187,Sales,2.25,4.76,2024-02-08 11:29:54.543181,2025-02-07 11:29:54.544422
188,Engineering,2.97,4.79,2024-02-08 11:29:54.543183,2025-02-07 11:29:54.544423
189,Sales,2.39,4.41,2024-02-08 11:29:54.543185,2025-02-07 11:29:54.544423
190,Engineering,3.6,4.19,2024-02-08 11:29:54.543188,2025-02-07 11:29:54.544423
191,Finance,2.66,3.21,2024-02-08 11:29:54.543190,2025-02-07 11:29:54.544424
192,Finance,3.16,3.35,2024-02-08 11:29:54.543192,2025-02-07 11:29:54.544424
193,HR,2.14,3.77,2024-02-08 11:29:54.543194,2025-02-07 11:29:54.544424
194,Engineering,3.78,3.12,2024-02-08 11:29:54.543196,2025-02-07 11:29:54.544425
195,Finance,2.63,4.21,2024-02-08 11:29:54.543198,2025-02-07 11:29:54.544425
196,IT,2.49,3.04,2024-02-08 11:29:54.543200,2025-02-07 11:29:54.544425
197,Marketing,2.77,4.71,2024-02-08 11:29:54.543202,2025-02-07 11:29:54.544426
198,HR,3.8,3.11,2024-02-08 11:29:54.543204,2025-02-07 11:29:54.544426
199,Sales,2.1,3.38,2024-02-08 11:29:54.543207,2025-02-07 11:29:54.544426
200,HR,3.66,4.42,2024-02-08 11:29:54.543208,2025-02-07 11:29:54.544427
201,Marketing,2.65,4.03,2024-02-08 11:29:54.543209,2025-02-07 11:29:54.544427
202,Engineering,2.72,4.43,2024-02-08 11:29:54.543212,2025-02-07 11:29:54.544428
203,Sales,3.64,4.52,2024-02-08 11:29:54.543213,2025-02-07 11:29:54.544429
204,Sales,2.72,4.83,2024-02-08 11:29:54.543214,2025-02-07 11:29:54.544429
205,Engineering,2.85,4.95,2024-02-08 11:29:54.543215,2025-02-07 11:29:54.544430
206,Customer Support,2.46,4.78,2024-02-08 11:29:54.543216,2025-02-07 11:29:54.544430
207,Customer Support,3.06,3.21,2024-02-08 11:29:54.543217,2025-02-07 11:29:54.544430
208,HR,2.13,4.48,2024-02-08 11:29:54.543219,2025-02-07 11:29:54.544431
209,Finance,2.87,3.61,2024-02-08 11:29:54.543220,2025-02-07 11:29:54.544431
210,Customer Support,2.39,3.4,2024-02-08 11:29:54.543221,2025-02-07 11:29:54.544431
211,HR,2.17,4.07,2024-02-08 11:29:54.543222,2025-02-07 11:29:54.544432
212,Customer Support,2.9,4.8,2024-02-08 11:29:54.543223,2025-02-07 11:29:54.544432
213,Marketing,2.08,4.21,2024-02-08 11:29:54.543224,2025-02-07 11:29:54.544432
214,IT,3.14,3.12,2024-02-08 11:29:54.543226,2025-02-07 11:29:54.544433
215,Finance,3.33,4.41,2024-02-08 11:29:54.543227,2025-02-07 11:29:54.544433
216,HR,3.54,4.32,2024-02-08 11:29:54.543228,2025-02-07 11:29:54.544434
217,IT,2.67,4.59,2024-02-08 11:29:54.543229,2025-02-07 11:29:54.544434
218,IT,3.41,3.83,2024-02-08 11:29:54.543230,2025-02-07 11:29:54.544434
219,Customer Support,3.9,3.78,2024-02-08 11:29:54.543231,2025-02-07 11:29:54.544435
220,Engineering,3.07,4.56,2024-02-08 11:29:54.543232,2025-02-07 11:29:54.544435
221,Marketing,2.46,4.55,2024-02-08 11:29:54.543233,2025-02-07 11:29:54.544435
222,Marketing,2.64,3.46,2024-02-08 11:29:54.543234,2025-02-07 11:29:54.544436
223,Marketing,3.41,4.36,2024-02-08 11:29:54.543235,2025-02-07 11:29:54.544436
224,Finance,2.23,3.49,2024-02-08 11:29:54.543236,2025-02-07 11:29:54.544437
225,Sales,2.49,4.96,2024-02-08 11:29:54.543237,2025-02-07 11:29:54.544437
226,Finance,2.81,4.41,2024-02-08 11:29:54.543238,2025-02-07 11:29:54.544437
227,HR,3.21,4.7,2024-02-08 11:29:54.543239,2025-02-07 11:29:54.544438
228,IT,2.78,4.16,2024-02-08 11:29:54.543241,2025-02-07 11:29:54.544438
229,IT,3.13,3.8,2024-02-08 11:29:54.543242,2025-02-07 11:29:54.544438
230,Sales,2.59,4.59,2024-02-08 11:29:54.543243,2025-02-07 11:29:54.544439
231,HR,2.02,3.18,2024-02-08 11:29:54.543244,2025-02-07 11:29:54.544439
232,Sales,3.75,3.94,2024-02-08 11:29:54.543245,2025-02-07 11:29:54.544439
233,IT,2.96,4.49,2024-02-08 11:29:54.543246,2025-02-07 11:29:54.544440
234,Customer Support,2.17,3.28,2024-02-08 11:29:54.543247,2025-02-07 11:29:54.544441
235,Finance,2.54,4.62,2024-02-08 11:29:54.543248,2025-02-07 11:29:54.544441
236,Marketing,3.53,3.97,2024-02-08 11:29:54.543250,2025-02-07 11:29:54.544442
237,IT,3.63,3.02,2024-02-08 11:29:54.543251,2025-02-07 11:29:54.544442
238,Engineering,3.54,4.02,2024-02-08 11:29:54.543252,2025-02-07 11:29:54.544442
239,Marketing,2.96,4.22,2024-02-08 11:29:54.543253,2025-02-07 11:29:54.544443
240,IT,3.23,3.74,2024-02-08 11:29:54.543254,2025-02-07 11:29:54.544443
241,Finance,3.98,3.49,2024-02-08 11:29:54.543255,2025-02-07 11:29:54.544443
242,Sales,2.69,4.59,2024-02-08 11:29:54.543256,2025-02-07 11:29:54.544444
243,Customer Support,3.25,3.69,2024-02-08 11:29:54.543257,2025-02-07 11:29:54.544444
244,Customer Support,2.06,4.15,2024-02-08 11:29:54.543258,2025-02-07 11:29:54.544444
245,Marketing,2.94,3.03,2024-02-08 11:29:54.543260,2025-02-07 11:29:54.544445
246,Finance,3.38,3.02,2024-02-08 11:29:54.543261,2025-02-07 11:29:54.544445
247,Customer Support,2.59,4.24,2024-02-08 11:29:54.543262,2025-02-07 11:29:54.544445
248,Customer Support,2.78,4.38,2024-02-08 11:29:54.543263,2025-02-07 11:29:54.544446
249,HR,2.86,3.42,2024-02-08 11:29:54.543264,2025-02-07 11:29:54.544446
250,Engineering,2.56,3.9,2024-02-08 11:29:54.543265,2025-02-07 11:29:54.544446
251,Marketing,3.15,4.02,2024-02-08 11:29:54.543267,2025-02-07 11:29:54.544447
252,Sales,3.6,3.1,2024-02-08 11:29:54.543268,2025-02-07 11:29:54.544447
253,Customer Support,2.2,3.75,2024-02-08 11:29:54.543270,2025-02-07 11:29:54.544447
254,HR,3.79,3.03,2024-02-08 11:29:54.543272,2025-02-07 11:29:54.544448
255,Finance,3.58,4.56,2024-02-08 11:29:54.543275,2025-02-07 11:29:54.544448
256,Customer Support,3.55,3.28,2024-02-08 11:29:54.543277,2025-02-07 11:29:54.544448
257,Engineering,2.57,4.67,2024-02-08 11:29:54.543279,2025-02-07 11:29:54.544449
258,Sales,2.35,4.24,2024-02-08 11:29:54.543282,2025-02-07 11:29:54.544449
259,Finance,2.42,4.79,2024-02-08 11:29:54.543284,2025-02-07 11:29:54.544450
260,Finance,2.48,3.79,2024-02-08 11:29:54.543286,2025-02-07 11:29:54.544450
261,Marketing,3.46,4.33,2024-02-08 11:29:54.543287,2025-02-07 11:29:54.544451
262,Customer Support,3.91,3.46,2024-02-08 11:29:54.543289,2025-02-07 11:29:54.544451
263,Marketing,3.63,3.18,2024-02-08 11:29:54.543290,2025-02-07 11:29:54.544451
264,Sales,3.22,4.91,2024-02-08 11:29:54.543291,2025-02-07 11:29:54.544452
265,Customer Support,3.88,3.86,2024-02-08 11:29:54.543292,2025-02-07 11:29:54.544452
266,IT,2.05,3.27,2024-02-08 11:29:54.543293,2025-02-07 11:29:54.544453
267,Customer Support,2.82,4.34,2024-02-08 11:29:54.543294,2025-02-07 11:29:54.544453
268,IT,2.94,3.95,2024-02-08 11:29:54.543295,2025-02-07 11:29:54.544454
269,Finance,3.4,4.34,2024-02-08 11:29:54.543296,2025-02-07 11:29:54.544455
270,Marketing,2.38,4.84,2024-02-08 11:29:54.543297,2025-02-07 11:29:54.544456
271,Engineering,2.04,4.4,2024-02-08 11:29:54.543298,2025-02-07 11:29:54.544456
272,Customer Support,3.0,3.65,2024-02-08 11:29:54.543299,2025-02-07 11:29:54.544457
273,Engineering,3.93,3.62,2024-02-08 11:29:54.543300,2025-02-07 11:29:54.544458
274,Customer Support,2.06,3.51,2024-02-08 11:29:54.543302,2025-02-07 11:29:54.544459
275,Finance,2.34,3.29,2024-02-08 11:29:54.543303,2025-02-07 11:29:54.544459
276,Marketing,2.84,4.9,2024-02-08 11:29:54.543304,2025-02-07 11:29:54.544460
277,Sales,2.7,3.07,2024-02-08 11:29:54.543306,2025-02-07 11:29:54.544461
278,Sales,2.4,3.13,2024-02-08 11:29:54.543308,2025-02-07 11:29:54.544461
279,Sales,2.03,4.6,2024-02-08 11:29:54.543310,2025-02-07 11:29:54.544462
280,Customer Support,3.34,4.28,2024-02-08 11:29:54.543312,2025-02-07 11:29:54.544463
281,Customer Support,3.51,4.95,2024-02-08 11:29:54.543314,2025-02-07 11:29:54.544463
282,Engineering,2.34,4.94,2024-02-08 11:29:54.543316,2025-02-07 11:29:54.544464
283,Marketing,3.26,4.34,2024-02-08 11:29:54.543318,2025-02-07 11:29:54.544465
284,Customer Support,2.7,4.83,2024-02-08 11:29:54.543320,2025-02-07 11:29:54.544466
285,Marketing,2.39,4.61,2024-02-08 11:29:54.543322,2025-02-07 11:29:54.544466
286,Engineering,2.08,4.36,2024-02-08 11:29:54.543325,2025-02-07 11:29:54.544467
287,Customer Support,2.57,3.8,2024-02-08 11:29:54.543327,2025-02-07 11:29:54.544468
288,Sales,3.83,4.46,2024-02-08 11:29:54.543329,2025-02-07 11:29:54.544469
289,Sales,3.45,4.59,2024-02-08 11:29:54.543330,2025-02-07 11:29:54.544469
290,Finance,2.28,4.49,2024-02-08 11:29:54.543331,2025-02-07 11:29:54.544470
291,IT,2.65,4.65,2024-02-08 11:29:54.543332,2025-02-07 11:29:54.544471
292,HR,2.51,4.91,2024-02-08 11:29:54.543333,2025-02-07 11:29:54.544472
293,IT,3.17,4.25,2024-02-08 11:29:54.543334,2025-02-07 11:29:54.544473
294,Customer Support,2.9,4.23,2024-02-08 11:29:54.543335,2025-02-07 11:29:54.544473
295,Marketing,2.77,4.94,2024-02-08 11:29:54.543336,2025-02-07 11:29:54.544474
296,Customer Support,3.04,3.25,2024-02-08 11:29:54.543337,2025-02-07 11:29:54.544475
297,Marketing,2.01,3.11,2024-02-08 11:29:54.543339,2025-02-07 11:29:54.544475
298,Marketing,3.44,3.61,2024-02-08 11:29:54.543340,2025-02-07 11:29:54.544475
299,IT,3.01,3.44,2024-02-08 11:29:54.543341,2025-02-07 11:29:54.544476
300,HR,2.61,4.28,2024-02-08 11:29:54.543342,2025-02-07 11:29:54.544476
301,Finance,2.47,3.95,2024-02-08 11:29:54.543343,2025-02-07 11:29:54.544477
302,IT,2.04,3.2,2024-02-08 11:29:54.543344,2025-02-07 11:29:54.544477
303,HR,2.76,3.59,2024-02-08 11:29:54.543345,2025-02-07 11:29:54.544477
304,Sales,2.56,3.57,2024-02-08 11:29:54.543346,2025-02-07 11:29:54.544478
305,Sales,2.6,3.17,2024-02-08 11:29:54.543356,2025-02-07 11:29:54.544478
306,Marketing,3.54,3.74,2024-02-08 11:29:54.543358,2025-02-07 11:29:54.544478
307,Engineering,2.21,3.36,2024-02-08 11:29:54.543361,2025-02-07 11:29:54.544479
308,Customer Support,2.76,3.61,2024-02-08 11:29:54.543363,2025-02-07 11:29:54.544479
309,Customer Support,2.35,4.73,2024-02-08 11:29:54.543365,2025-02-07 11:29:54.544480
310,Marketing,2.55,4.8,2024-02-08 11:29:54.543368,2025-02-07 11:29:54.544480
311,Engineering,3.43,4.73,2024-02-08 11:29:54.543370,2025-02-07 11:29:54.544481
312,HR,2.66,3.38,2024-02-08 11:29:54.543372,2025-02-07 11:29:54.544481
313,Sales,2.43,3.72,2024-02-08 11:29:54.543374,2025-02-07 11:29:54.544482
314,Customer Support,3.6,4.29,2024-02-08 11:29:54.543376,2025-02-07 11:29:54.544482
315,IT,3.56,4.0,2024-02-08 11:29:54.543377,2025-02-07 11:29:54.544482
316,Engineering,2.21,3.79,2024-02-08 11:29:54.543378,2025-02-07 11:29:54.544483
317,HR,2.63,3.49,2024-02-08 11:29:54.543379,2025-02-07 11:29:54.544483
318,Sales,2.08,3.08,2024-02-08 11:29:54.543380,2025-02-07 11:29:54.544483
319,IT,3.15,4.68,2024-02-08 11:29:54.543381,2025-02-07 11:29:54.544484
320,Engineering,2.86,3.31,2024-02-08 11:29:54.543383,2025-02-07 11:29:54.544484
321,Marketing,3.9,4.37,2024-02-08 11:29:54.543384,2025-02-07 11:29:54.544485
322,Marketing,3.97,3.66,2024-02-08 11:29:54.543385,2025-02-07 11:29:54.544485
323,Marketing,2.67,3.36,2024-02-08 11:29:54.543386,2025-02-07 11:29:54.544485
324,Customer Support,2.68,4.99,2024-02-08 11:29:54.543387,2025-02-07 11:29:54.544486
325,HR,3.72,3.16,2024-02-08 11:29:54.543388,2025-02-07 11:29:54.544486
326,Marketing,2.83,4.14,2024-02-08 11:29:54.543389,2025-02-07 11:29:54.544486
327,Customer Support,2.63,3.02,2024-02-08 11:29:54.543390,2025-02-07 11:29:54.544487
328,Finance,2.66,4.66,2024-02-08 11:29:54.543391,2025-02-07 11:29:54.544487
329,Customer Support,3.36,4.87,2024-02-08 11:29:54.543392,2025-02-07 11:29:54.544487
330,Sales,2.6,3.18,2024-02-08 11:29:54.543393,2025-02-07 11:29:54.544488
331,Customer Support,3.46,4.91,2024-02-08 11:29:54.543394,2025-02-07 11:29:54.544488
332,HR,3.11,4.2,2024-02-08 11:29:54.543395,2025-02-07 11:29:54.544489
333,IT,3.64,4.22,2024-02-08 11:29:54.543396,2025-02-07 11:29:54.544489
334,Customer Support,2.64,4.84,2024-02-08 11:29:54.543398,2025-02-07 11:29:54.544489
335,Marketing,3.48,4.11,2024-02-08 11:29:54.543399,2025-02-07 11:29:54.544490
336,Sales,2.5,4.58,2024-02-08 11:29:54.543400,2025-02-07 11:29:54.544490
337,Engineering,2.69,4.09,2024-02-08 11:29:54.543401,2025-02-07 11:29:54.544490
338,Marketing,3.79,3.04,2024-02-08 11:29:54.543402,2025-02-07 11:29:54.544491
339,Sales,3.01,4.88,2024-02-08 11:29:54.543403,2025-02-07 11:29:54.544491
340,Finance,2.65,4.04,2024-02-08 11:29:54.543404,2025-02-07 11:29:54.544491
341,Engineering,3.14,4.25,2024-02-08 11:29:54.543405,2025-02-07 11:29:54.544492
342,Finance,3.29,3.78,2024-02-08 11:29:54.543406,2025-02-07 11:29:54.544492
343,IT,3.92,3.25,2024-02-08 11:29:54.543407,2025-02-07 11:29:54.544492
344,Sales,2.66,3.83,2024-02-08 11:29:54.543409,2025-02-07 11:29:54.544494
345,Finance,3.48,4.92,2024-02-08 11:29:54.543410,2025-02-07 11:29:54.544494
346,IT,2.38,3.45,2024-02-08 11:29:54.543411,2025-02-07 11:29:54.544495
347,Sales,2.15,3.97,2024-02-08 11:29:54.543412,2025-02-07 11:29:54.544495
348,Sales,3.03,4.04,2024-02-08 11:29:54.543413,2025-02-07 11:29:54.544496
349,Finance,3.98,4.92,2024-02-08 11:29:54.543414,2025-02-07 11:29:54.544496
350,Sales,2.71,4.14,2024-02-08 11:29:54.543415,2025-02-07 11:29:54.544496
351,Marketing,2.04,4.38,2024-02-08 11:29:54.543416,2025-02-07 11:29:54.544497
352,Sales,3.19,3.7,2024-02-08 11:29:54.543417,2025-02-07 11:29:54.544497
353,HR,2.63,3.9,2024-02-08 11:29:54.543418,2025-02-07 11:29:54.544497
354,IT,3.53,4.37,2024-02-08 11:29:54.543421,2025-02-07 11:29:54.544499
355,Sales,3.69,4.73,2024-02-08 11:29:54.543422,2025-02-07 11:29:54.544499
356,HR,3.68,3.76,2024-02-08 11:29:54.543423,2025-02-07 11:29:54.544500
357,Sales,2.56,3.4,2024-02-08 11:29:54.543424,2025-02-07 11:29:54.544500
358,Sales,3.6,3.29,2024-02-08 11:29:54.543425,2025-02-07 11:29:54.544500
359,Finance,2.79,4.55,2024-02-08 11:29:54.543426,2025-02-07 11:29:54.544501
360,Marketing,2.65,3.34,2024-02-08 11:29:54.543427,2025-02-07 11:29:54.544501
361,IT,3.68,3.28,2024-02-08 11:29:54.543428,2025-02-07 11:29:54.544502
362,Marketing,2.69,4.96,2024-02-08 11:29:54.543430,2025-02-07 11:29:54.544502
363,Engineering,2.92,3.71,2024-02-08 11:29:54.543431,2025-02-07 11:29:54.544502
364,Finance,2.55,3.29,2024-02-08 11:29:54.543432,2025-02-07 11:29:54.544503
365,Finance,3.52,4.18,2024-02-08 11:29:54.543433,2025-02-07 11:29:54.544503
366,Marketing,2.1,5.0,2024-02-08 11:29:54.543434,2025-02-07 11:29:54.544503
367,Customer Support,4.0,4.23,2024-02-08 11:29:54.543435,2025-02-07 11:29:54.544504
368,Finance,2.68,3.81,2024-02-08 11:29:54.543436,2025-02-07 11:29:54.544504
369,Marketing,2.71,4.67,2024-02-08 11:29:54.543437,2025-02-07 11:29:54.544504
370,Finance,3.09,3.09,2024-02-08 11:29:54.543438,2025-02-07 11:29:54.544505
371,Sales,2.87,4.88,2024-02-08 11:29:54.543439,2025-02-07 11:29:54.544505
372,Marketing,2.62,3.03,2024-02-08 11:29:54.543440,2025-02-07 11:29:54.544506
373,Marketing,3.31,4.46,2024-02-08 11:29:54.543441,2025-02-07 11:29:54.544506
374,HR,3.75,3.92,2024-02-08 11:29:54.543443,2025-02-07 11:29:54.544506
375,Finance,3.37,4.05,2024-02-08 11:29:54.543444,2025-02-07 11:29:54.544507
376,Finance,2.92,3.98,2024-02-08 11:29:54.543445,2025-02-07 11:29:54.544507
377,Marketing,2.72,3.3,2024-02-08 11:29:54.543446,2025-02-07 11:29:54.544507
378,Sales,2.19,3.93,2024-02-08 11:29:54.543447,2025-02-07 11:29:54.544508
379,Sales,2.92,3.12,2024-02-08 11:29:54.543448,2025-02-07 11:29:54.544508
380,IT,2.03,4.12,2024-02-08 11:29:54.543449,2025-02-07 11:29:54.544508
381,Sales,2.14,3.31,2024-02-08 11:29:54.543450,2025-02-07 11:29:54.544509
382,Finance,2.31,4.66,2024-02-08 11:29:54.543451,2025-02-07 11:29:54.544509
383,Customer Support,3.39,3.96,2024-02-08 11:29:54.543452,2025-02-07 11:29:54.544510
384,HR,2.12,4.19,2024-02-08 11:29:54.543453,2025-02-07 11:29:54.544510
385,Marketing,2.12,4.18,2024-02-08 11:29:54.543454,2025-02-07 11:29:54.544510
386,Engineering,3.42,3.15,2024-02-08 11:29:54.543455,2025-02-07 11:29:54.544511
387,HR,2.39,4.9,2024-02-08 11:29:54.543456,2025-02-07 11:29:54.544511
388,Customer Support,3.85,3.53,2024-02-08 11:29:54.543458,2025-02-07 11:29:54.544511
389,Engineering,3.3,4.87,2024-02-08 11:29:54.543459,2025-02-07 11:29:54.544512
390,HR,3.22,4.86,2024-02-08 11:29:54.543460,2025-02-07 11:29:54.544512
391,Sales,2.99,4.52,2024-02-08 11:29:54.543461,2025-02-07 11:29:54.544512
392,Finance,3.22,4.35,2024-02-08 11:29:54.543462,2025-02-07 11:29:54.544513
393,Customer Support,2.71,3.74,2024-02-08 11:29:54.543463,2025-02-07 11:29:54.544513
394,Engineering,2.67,4.24,2024-02-08 11:29:54.543464,2025-02-07 11:29:54.544514
395,Customer Support,3.44,4.6,2024-02-08 11:29:54.543465,2025-02-07 11:29:54.544514
396,HR,2.75,3.4,2024-02-08 11:29:54.543466,2025-02-07 11:29:54.544514
397,Finance,3.91,3.85,2024-02-08 11:29:54.543467,2025-02-07 11:29:54.544515
398,Customer Support,3.34,3.63,2024-02-08 11:29:54.543468,2025-02-07 11:29:54.544515
399,Engineering,3.07,3.01,2024-02-08 11:29:54.543469,2025-02-07 11:29:54.544515
400,Marketing,2.89,3.54,2024-02-08 11:29:54.543471,2025-02-07 11:29:54.544516
401,HR,3.52,4.06,2024-02-08 11:29:54.543472,2025-02-07 11:29:54.544516
402,Marketing,2.07,3.27,2024-02-08 11:29:54.543474,2025-02-07 11:29:54.544518
403,Sales,2.89,3.03,2024-02-08 11:29:54.543475,2025-02-07 11:29:54.544519
404,Marketing,2.51,3.68,2024-02-08 11:29:54.543476,2025-02-07 11:29:54.544519
405,Marketing,2.56,4.5,2024-02-08 11:29:54.543477,2025-02-07 11:29:54.544520
406,IT,2.5,4.14,2024-02-08 11:29:54.543478,2025-02-07 11:29:54.544520
407,HR,2.57,5.0,2024-02-08 11:29:54.543479,2025-02-07 11:29:54.544520
408,Sales,2.08,3.03,2024-02-08 11:29:54.543481,2025-02-07 11:29:54.544521
409,Marketing,2.4,4.63,2024-02-08 11:29:54.543482,2025-02-07 11:29:54.544521
410,Finance,3.44,3.17,2024-02-08 11:29:54.543483,2025-02-07 11:29:54.544521
411,Engineering,3.18,4.85,2024-02-08 11:29:54.543484,2025-02-07 11:29:54.544522
412,Marketing,3.5,4.86,2024-02-08 11:29:54.543485,2025-02-07 11:29:54.544522
413,Sales,3.02,3.14,2024-02-08 11:29:54.543486,2025-02-07 11:29:54.544522
414,Marketing,3.28,3.96,2024-02-08 11:29:54.543487,2025-02-07 11:29:54.544523
415,Engineering,3.15,4.61,2024-02-08 11:29:54.543488,2025-02-07 11:29:54.544523
416,Sales,3.44,3.84,2024-02-08 11:29:54.543489,2025-02-07 11:29:54.544524
417,HR,3.32,3.95,2024-02-08 11:29:54.543490,2025-02-07 11:29:54.544524
418,Sales,2.15,3.75,2024-02-08 11:29:54.543491,2025-02-07 11:29:54.544524
419,HR,3.12,5.0,2024-02-08 11:29:54.543492,2025-02-07 11:29:54.544525
420,Sales,2.13,4.46,2024-02-08 11:29:54.543493,2025-02-07 11:29:54.544525
421,Customer Support,2.08,4.78,2024-02-08 11:29:54.543494,2025-02-07 11:29:54.544526
422,Engineering,3.53,4.01,2024-02-08 11:29:54.543495,2025-02-07 11:29:54.544526
423,Engineering,3.41,3.12,2024-02-08 11:29:54.543497,2025-02-07 11:29:54.544526
424,Sales,3.52,4.83,2024-02-08 11:29:54.543498,2025-02-07 11:29:54.544527
425,Customer Support,2.49,3.47,2024-02-08 11:29:54.543499,2025-02-07 11:29:54.544527
426,Marketing,3.08,3.73,2024-02-08 11:29:54.543500,2025-02-07 11:29:54.544527
427,Engineering,2.55,4.34,2024-02-08 11:29:54.543501,2025-02-07 11:29:54.544528
428,HR,2.17,4.51,2024-02-08 11:29:54.543502,2025-02-07 11:29:54.544528
429,HR,3.66,4.59,2024-02-08 11:29:54.543503,2025-02-07 11:29:54.544529
430,Finance,2.47,3.22,2024-02-08 11:29:54.543504,2025-02-07 11:29:54.544529
431,IT,3.84,3.72,2024-02-08 11:29:54.543505,2025-02-07 11:29:54.544529
432,Customer Support,3.28,4.95,2024-02-08 11:29:54.543506,2025-02-07 11:29:54.544530
433,IT,2.44,4.69,2024-02-08 11:29:54.543507,2025-02-07 11:29:54.544530
434,IT,2.65,4.66,2024-02-08 11:29:54.543508,2025-02-07 11:29:54.544530
435,HR,3.51,4.69,2024-02-08 11:29:54.543509,2025-02-07 11:29:54.544531
436,Finance,2.35,3.54,2024-02-08 11:29:54.543511,2025-02-07 11:29:54.544531
437,IT,2.89,3.51,2024-02-08 11:29:54.543512,2025-02-07 11:29:54.544531
438,IT,2.21,3.32,2024-02-08 11:29:54.543513,2025-02-07 11:29:54.544532
439,Sales,3.91,3.78,2024-02-08 11:29:54.543515,2025-02-07 11:29:54.544532
440,Sales,3.66,4.48,2024-02-08 11:29:54.543517,2025-02-07 11:29:54.544533
441,Sales,3.79,4.5,2024-02-08 11:29:54.543519,2025-02-07 11:29:54.544533
442,Marketing,3.71,3.63,2024-02-08 11:29:54.543522,2025-02-07 11:29:54.544533
443,IT,2.45,4.67,2024-02-08 11:29:54.543524,2025-02-07 11:29:54.544534
444,Marketing,3.38,3.24,2024-02-08 11:29:54.543526,2025-02-07 11:29:54.544534
445,Finance,3.14,4.49,2024-02-08 11:29:54.543528,2025-02-07 11:29:54.544534
446,Customer Support,3.92,4.14,2024-02-08 11:29:54.543530,2025-02-07 11:29:54.544535
447,HR,2.89,4.32,2024-02-08 11:29:54.543532,2025-02-07 11:29:54.544535
448,IT,3.6,4.88,2024-02-08 11:29:54.543534,2025-02-07 11:29:54.544535
449,HR,3.51,3.49,2024-02-08 11:29:54.543536,2025-02-07 11:29:54.544536
450,Customer Support,2.12,3.86,2024-02-08 11:29:54.543538,2025-02-07 11:29:54.544536
451,Sales,3.24,4.13,2024-02-08 11:29:54.543540,2025-02-07 11:29:54.544536
452,IT,2.41,3.76,2024-02-08 11:29:54.543542,2025-02-07 11:29:54.544537
453,Engineering,3.05,4.24,2024-02-08 11:29:54.543545,2025-02-07 11:29:54.544537
454,Marketing,3.8,4.66,2024-02-08 11:29:54.543546,2025-02-07 11:29:54.544538
455,Marketing,3.23,3.18,2024-02-08 11:29:54.543548,2025-02-07 11:29:54.544538
456,IT,3.03,3.63,2024-02-08 11:29:54.543549,2025-02-07 11:29:54.544538
457,Customer Support,3.92,4.76,2024-02-08 11:29:54.543550,2025-02-07 11:29:54.544539
458,Sales,3.1,3.57,2024-02-08 11:29:54.543551,2025-02-07 11:29:54.544540
459,Marketing,2.9,3.98,2024-02-08 11:29:54.543553,2025-02-07 11:29:54.544540
460,Sales,3.75,4.22,2024-02-08 11:29:54.543555,2025-02-07 11:29:54.544540
461,Finance,3.52,4.97,2024-02-08 11:29:54.543557,2025-02-07 11:29:54.544541
462,HR,3.36,3.6,2024-02-08 11:29:54.543559,2025-02-07 11:29:54.544541
463,Customer Support,2.75,4.22,2024-02-08 11:29:54.543561,2025-02-07 11:29:54.544541
464,Engineering,3.56,3.47,2024-02-08 11:29:54.543563,2025-02-07 11:29:54.544542
465,HR,2.93,3.48,2024-02-08 11:29:54.543565,2025-02-07 11:29:54.544542
466,HR,3.46,3.37,2024-02-08 11:29:54.543568,2025-02-07 11:29:54.544543
467,Finance,2.75,4.26,2024-02-08 11:29:54.543570,2025-02-07 11:29:54.544543
468,Marketing,2.76,4.05,2024-02-08 11:29:54.543572,2025-02-07 11:29:54.544543
469,Engineering,3.06,3.6,2024-02-08 11:29:54.543574,2025-02-07 11:29:54.544544
470,Marketing,2.72,3.58,2024-02-08 11:29:54.543575,2025-02-07 11:29:54.544544
471,IT,3.87,3.61,2024-02-08 11:29:54.543576,2025-02-07 11:29:54.544544
472,HR,3.82,4.94,2024-02-08 11:29:54.543577,2025-02-07 11:29:54.544545
473,IT,2.44,3.15,2024-02-08 11:29:54.543579,2025-02-07 11:29:54.544545
474,Sales,2.55,3.67,2024-02-08 11:29:54.543580,2025-02-07 11:29:54.544546
475,HR,2.45,3.25,2024-02-08 11:29:54.543581,2025-02-07 11:29:54.544546
476,Marketing,2.17,3.16,2024-02-08 11:29:54.543582,2025-02-07 11:29:54.544546
477,HR,2.99,4.65,2024-02-08 11:29:54.543583,2025-02-07 11:29:54.544547
478,Sales,3.04,4.34,2024-02-08 11:29:54.543584,2025-02-07 11:29:54.544547
479,Finance,3.76,3.57,2024-02-08 11:29:54.543585,2025-02-07 11:29:54.544547
480,IT,2.66,4.3,2024-02-08 11:29:54.543586,2025-02-07 11:29:54.544548
481,IT,3.43,4.14,2024-02-08 11:29:54.543587,2025-02-07 11:29:54.544548
482,Marketing,3.59,4.03,2024-02-08 11:29:54.543588,2025-02-07 11:29:54.544549
483,HR,3.14,4.33,2024-02-08 11:29:54.543589,2025-02-07 11:29:54.544549
484,Marketing,2.3,4.5,2024-02-08 11:29:54.543590,2025-02-07 11:29:54.544549
485,Finance,3.44,3.91,2024-02-08 11:29:54.543592,2025-02-07 11:29:54.544550
486,HR,2.79,4.67,2024-02-08 11:29:54.543593,2025-02-07 11:29:54.544550
487,HR,2.01,4.7,2024-02-08 11:29:54.543594,2025-02-07 11:29:54.544550
488,Marketing,2.26,3.34,2024-02-08 11:29:54.543595,2025-02-07 11:29:54.544551
489,Marketing,2.07,3.32,2024-02-08 11:29:54.543596,2025-02-07 11:29:54.544551
490,Sales,2.06,4.31,2024-02-08 11:29:54.543597,2025-02-07 11:29:54.544551
491,Customer Support,3.73,4.86,2024-02-08 11:29:54.543598,2025-02-07 11:29:54.544552
492,Customer Support,3.48,3.61,2024-02-08 11:29:54.543599,2025-02-07 11:29:54.544552
493,Finance,2.11,4.9,2024-02-08 11:29:54.543600,2025-02-07 11:29:54.544553
494,Customer Support,2.87,4.6,2024-02-08 11:29:54.543601,2025-02-07 11:29:54.544553
495,Sales,3.6,3.04,2024-02-08 11:29:54.543602,2025-02-07 11:29:54.544553
496,IT,3.05,3.94,2024-02-08 11:29:54.543603,2025-02-07 11:29:54.544554
497,HR,2.02,4.62,2024-02-08 11:29:54.543604,2025-02-07 11:29:54.544554
498,Marketing,2.69,3.3,2024-02-08 11:29:54.543605,2025-02-07 11:29:54.544554
499,HR,2.39,3.89,2024-02-08 11:29:54.543606,2025-02-07 11:29:54.544555
500,HR,2.39,4.48,2024-02-08 11:29:54.543607,2025-02-07 11:29:54.544555
501,Engineering,2.18,3.64,2024-02-08 11:29:54.543609,2025-02-07 11:29:54.544555
502,IT,2.35,3.33,2024-02-08 11:29:54.543610,2025-02-07 11:29:54.544556
503,Engineering,2.49,4.92,2024-02-08 11:29:54.543611,2025-02-07 11:29:54.544556
504,Customer Support,3.94,3.67,2024-02-08 11:29:54.543612,2025-02-07 11:29:54.544557
505,HR,2.5,3.27,2024-02-08 11:29:54.543613,2025-02-07 11:29:54.544557
506,Marketing,2.3,4.43,2024-02-08 11:29:54.543614,2025-02-07 11:29:54.544557
507,HR,2.81,3.63,2024-02-08 11:29:54.543615,2025-02-07 11:29:54.544558
508,IT,2.11,3.18,2024-02-08 11:29:54.543616,2025-02-07 11:29:54.544558
509,Engineering,2.6,4.36,2024-02-08 11:29:54.543617,2025-02-07 11:29:54.544558
510,Marketing,2.45,4.35,2024-02-08 11:29:54.543618,2025-02-07 11:29:54.544559
511,HR,2.68,4.58,2024-02-08 11:29:54.543619,2025-02-07 11:29:54.544559
512,Finance,3.09,3.78,2024-02-08 11:29:54.543621,2025-02-07 11:29:54.544560
513,IT,2.64,4.68,2024-02-08 11:29:54.543622,2025-02-07 11:29:54.544560
514,IT,2.41,3.03,2024-02-08 11:29:54.543623,2025-02-07 11:29:54.544560
515,Finance,2.81,4.67,2024-02-08 11:29:54.543624,2025-02-07 11:29:54.544561
516,HR,3.95,4.79,2024-02-08 11:29:54.543625,2025-02-07 11:29:54.544561
517,IT,2.17,3.0,2024-02-08 11:29:54.543626,2025-02-07 11:29:54.544561
518,Marketing,3.56,3.83,2024-02-08 11:29:54.543627,2025-02-07 11:29:54.544562
519,HR,3.31,4.14,2024-02-08 11:29:54.543628,2025-02-07 11:29:54.544562
520,HR,2.76,3.58,2024-02-08 11:29:54.543629,2025-02-07 11:29:54.544562
521,Engineering,2.49,4.32,2024-02-08 11:29:54.543630,2025-02-07 11:29:54.544563
522,IT,2.49,3.36,2024-02-08 11:29:54.543631,2025-02-07 11:29:54.544563
523,IT,3.93,4.07,2024-02-08 11:29:54.543633,2025-02-07 11:29:54.544564
524,Finance,2.14,3.16,2024-02-08 11:29:54.543634,2025-02-07 11:29:54.544564
525,Engineering,2.57,4.19,2024-02-08 11:29:54.543635,2025-02-07 11:29:54.544564
526,Customer Support,3.29,3.85,2024-02-08 11:29:54.543638,2025-02-07 11:29:54.544565
527,Engineering,2.12,3.93,2024-02-08 11:29:54.543640,2025-02-07 11:29:54.544565
528,IT,3.71,3.15,2024-02-08 11:29:54.543642,2025-02-07 11:29:54.544566
529,HR,3.01,3.29,2024-02-08 11:29:54.543644,2025-02-07 11:29:54.544566
530,Engineering,3.41,4.43,2024-02-08 11:29:54.543646,2025-02-07 11:29:54.544566
531,Finance,3.59,3.87,2024-02-08 11:29:54.543648,2025-02-07 11:29:54.544567
532,Engineering,3.61,3.04,2024-02-08 11:29:54.543651,2025-02-07 11:29:54.544567
533,Finance,2.61,3.58,2024-02-08 11:29:54.543653,2025-02-07 11:29:54.544567
534,Customer Support,2.22,4.87,2024-02-08 11:29:54.543655,2025-02-07 11:29:54.544568
535,Engineering,2.73,3.05,2024-02-08 11:29:54.543656,2025-02-07 11:29:54.544568
536,Finance,2.82,4.94,2024-02-08 11:29:54.543657,2025-02-07 11:29:54.544568
537,Engineering,2.35,3.79,2024-02-08 11:29:54.543658,2025-02-07 11:29:54.544569
538,Customer Support,3.53,3.84,2024-02-08 11:29:54.543659,2025-02-07 11:29:54.544569
539,Engineering,2.15,3.71,2024-02-08 11:29:54.543660,2025-02-07 11:29:54.544570
540,Marketing,2.13,4.17,2024-02-08 11:29:54.543661,2025-02-07 11:29:54.544570
541,Finance,2.88,4.37,2024-02-08 11:29:54.543663,2025-02-07 11:29:54.544570
542,Customer Support,3.84,3.24,2024-02-08 11:29:54.543664,2025-02-07 11:29:54.544571
543,Finance,2.44,3.48,2024-02-08 11:29:54.543665,2025-02-07 11:29:54.544571
544,Finance,3.99,3.19,2024-02-08 11:29:54.543666,2025-02-07 11:29:54.544571
545,Sales,3.67,4.34,2024-02-08 11:29:54.543667,2025-02-07 11:29:54.544572
546,Customer Support,3.08,4.55,2024-02-08 11:29:54.543668,2025-02-07 11:29:54.544572
547,Engineering,3.86,4.17,2024-02-08 11:29:54.543669,2025-02-07 11:29:54.544572
548,Finance,3.31,4.21,2024-02-08 11:29:54.543670,2025-02-07 11:29:54.544573
549,IT,2.7,4.93,2024-02-08 11:29:54.543671,2025-02-07 11:29:54.544573
550,Sales,2.26,4.2,2024-02-08 11:29:54.543672,2025-02-07 11:29:54.544574
551,Marketing,3.12,3.23,2024-02-08 11:29:54.543673,2025-02-07 11:29:54.544574
552,Finance,3.65,4.76,2024-02-08 11:29:54.543675,2025-02-07 11:29:54.544574
553,Finance,3.48,4.64,2024-02-08 11:29:54.543677,2025-02-07 11:29:54.544575
554,Sales,3.21,3.63,2024-02-08 11:29:54.543679,2025-02-07 11:29:54.544575
555,Engineering,2.31,4.71,2024-02-08 11:29:54.543681,2025-02-07 11:29:54.544575
556,IT,2.86,3.14,2024-02-08 11:29:54.543683,2025-02-07 11:29:54.544576
557,Marketing,3.71,4.73,2024-02-08 11:29:54.543685,2025-02-07 11:29:54.544576
558,Finance,3.5,3.97,2024-02-08 11:29:54.543687,2025-02-07 11:29:54.544576
559,Engineering,3.46,4.1,2024-02-08 11:29:54.543689,2025-02-07 11:29:54.544577
560,Customer Support,3.53,4.6,2024-02-08 11:29:54.543691,2025-02-07 11:29:54.544577
561,IT,3.79,3.48,2024-02-08 11:29:54.543693,2025-02-07 11:29:54.544578
562,Customer Support,3.29,4.35,2024-02-08 11:29:54.543696,2025-02-07 11:29:54.544578
563,IT,2.61,3.11,2024-02-08 11:29:54.543697,2025-02-07 11:29:54.544578
564,Marketing,3.5,4.84,2024-02-08 11:29:54.543698,2025-02-07 11:29:54.544579
565,HR,3.4,4.07,2024-02-08 11:29:54.543699,2025-02-07 11:29:54.544579
566,IT,3.5,4.82,2024-02-08 11:29:54.543700,2025-02-07 11:29:54.544579
567,HR,2.38,3.86,2024-02-08 11:29:54.543701,2025-02-07 11:29:54.544580
568,Customer Support,3.8,4.81,2024-02-08 11:29:54.543703,2025-02-07 11:29:54.544580
569,IT,3.96,4.74,2024-02-08 11:29:54.543704,2025-02-07 11:29:54.544580
570,Marketing,3.45,3.73,2024-02-08 11:29:54.543705,2025-02-07 11:29:54.544581
571,Sales,2.81,3.62,2024-02-08 11:29:54.543706,2025-02-07 11:29:54.544581
572,Marketing,3.82,3.37,2024-02-08 11:29:54.543707,2025-02-07 11:29:54.544582
573,Marketing,3.78,4.55,2024-02-08 11:29:54.543708,2025-02-07 11:29:54.544582
574,Sales,2.41,3.06,2024-02-08 11:29:54.543710,2025-02-07 11:29:54.544582
575,Sales,2.3,3.91,2024-02-08 11:29:54.543711,2025-02-07 11:29:54.544583
576,Engineering,3.72,3.16,2024-02-08 11:29:54.543712,2025-02-07 11:29:54.544583
577,IT,3.77,3.13,2024-02-08 11:29:54.543713,2025-02-07 11:29:54.544583
578,Customer Support,3.7,4.31,2024-02-08 11:29:54.543714,2025-02-07 11:29:54.544584
579,Engineering,3.93,3.5,2024-02-08 11:29:54.543715,2025-02-07 11:29:54.544584
580,Sales,3.92,4.01,2024-02-08 11:29:54.543716,2025-02-07 11:29:54.544584
581,HR,3.64,3.29,2024-02-08 11:29:54.543718,2025-02-07 11:29:54.544585
582,Customer Support,2.49,3.88,2024-02-08 11:29:54.543720,2025-02-07 11:29:54.544585
583,HR,3.44,3.98,2024-02-08 11:29:54.543722,2025-02-07 11:29:54.544586
584,Marketing,3.6,4.21,2024-02-08 11:29:54.543724,2025-02-07 11:29:54.544586
585,Finance,2.42,3.68,2024-02-08 11:29:54.543727,2025-02-07 11:29:54.544587
586,Marketing,3.36,3.56,2024-02-08 11:29:54.543729,2025-02-07 11:29:54.544587
587,Marketing,2.51,4.63,2024-02-08 11:29:54.543731,2025-02-07 11:29:54.544588
588,Finance,3.08,3.13,2024-02-08 11:29:54.543733,2025-02-07 11:29:54.544589
589,IT,2.39,4.5,2024-02-08 11:29:54.543735,2025-02-07 11:29:54.544590
590,Sales,2.58,3.96,2024-02-08 11:29:54.543737,2025-02-07 11:29:54.544590
591,HR,2.32,3.64,2024-02-08 11:29:54.543739,2025-02-07 11:29:54.544591
592,Marketing,2.22,3.39,2024-02-08 11:29:54.543742,2025-02-07 11:29:54.544592
593,Finance,3.96,4.06,2024-02-08 11:29:54.543744,2025-02-07 11:29:54.544592
594,Engineering,3.29,3.82,2024-02-08 11:29:54.543747,2025-02-07 11:29:54.544594
595,Marketing,2.96,4.9,2024-02-08 11:29:54.543748,2025-02-07 11:29:54.544595
596,HR,3.96,4.63,2024-02-08 11:29:54.543749,2025-02-07 11:29:54.544596
597,Sales,2.74,3.76,2024-02-08 11:29:54.543751,2025-02-07 11:29:54.544597
598,Marketing,2.06,4.28,2024-02-08 11:29:54.543752,2025-02-07 11:29:54.544597
599,Marketing,2.26,4.74,2024-02-08 11:29:54.543753,2025-02-07 11:29:54.544598
600,IT,3.03,4.1,2024-02-08 11:29:54.543754,2025-02-07 11:29:54.544599
601,Finance,2.25,4.31,2024-02-08 11:29:54.543755,2025-02-07 11:29:54.544599
602,Engineering,3.05,4.4,2024-02-08 11:29:54.543756,2025-02-07 11:29:54.544600
603,Engineering,3.11,4.42,2024-02-08 11:29:54.543758,2025-02-07 11:29:54.544601
604,Customer Support,3.07,3.92,2024-02-08 11:29:54.543759,2025-02-07 11:29:54.544602
605,Sales,2.89,4.56,2024-02-08 11:29:54.543760,2025-02-07 11:29:54.544602
606,Customer Support,2.65,4.16,2024-02-08 11:29:54.543761,2025-02-07 11:29:54.544603
607,HR,3.29,4.53,2024-02-08 11:29:54.543762,2025-02-07 11:29:54.544603
608,Sales,3.98,4.15,2024-02-08 11:29:54.543763,2025-02-07 11:29:54.544605
609,Marketing,2.5,3.94,2024-02-08 11:29:54.543764,2025-02-07 11:29:54.544606
610,Marketing,3.61,4.25,2024-02-08 11:29:54.543765,2025-02-07 11:29:54.544607
611,Engineering,3.11,3.81,2024-02-08 11:29:54.543766,2025-02-07 11:29:54.544607
612,HR,2.86,3.29,2024-02-08 11:29:54.543767,2025-02-07 11:29:54.544608
613,Finance,3.16,4.83,2024-02-08 11:29:54.543768,2025-02-07 11:29:54.544609
614,HR,3.95,3.27,2024-02-08 11:29:54.543769,2025-02-07 11:29:54.544610
615,Marketing,2.46,3.68,2024-02-08 11:29:54.543770,2025-02-07 11:29:54.544611
616,Finance,2.13,4.71,2024-02-08 11:29:54.543771,2025-02-07 11:29:54.544611
617,HR,2.82,3.25,2024-02-08 11:29:54.543772,2025-02-07 11:29:54.544612
618,HR,3.28,4.96,2024-02-08 11:29:54.543774,2025-02-07 11:29:54.544613
619,Finance,3.46,4.27,2024-02-08 11:29:54.543775,2025-02-07 11:29:54.544613
620,Marketing,2.36,3.34,2024-02-08 11:29:54.543776,2025-02-07 11:29:54.544614
621,HR,2.88,3.81,2024-02-08 11:29:54.543777,2025-02-07 11:29:54.544615
622,Finance,3.09,3.01,2024-02-08 11:29:54.543778,2025-02-07 11:29:54.544616
623,IT,2.36,3.68,2024-02-08 11:29:54.543779,2025-02-07 11:29:54.544616
624,IT,3.4,4.33,2024-02-08 11:29:54.543780,2025-02-07 11:29:54.544617
625,Marketing,3.0,3.75,2024-02-08 11:29:54.543781,2025-02-07 11:29:54.544618
626,Finance,3.64,4.86,2024-02-08 11:29:54.543782,2025-02-07 11:29:54.544619
627,IT,3.21,3.26,2024-02-08 11:29:54.543783,2025-02-07 11:29:54.544620
628,Finance,2.05,4.1,2024-02-08 11:29:54.543784,2025-02-07 11:29:54.544620
629,HR,3.94,3.76,2024-02-08 11:29:54.543785,2025-02-07 11:29:54.544621
630,Marketing,2.6,3.23,2024-02-08 11:29:54.543786,2025-02-07 11:29:54.544621
631,IT,3.79,4.05,2024-02-08 11:29:54.543787,2025-02-07 11:29:54.544622
632,Customer Support,2.76,4.24,2024-02-08 11:29:54.543789,2025-02-07 11:29:54.544622
633,HR,2.42,4.63,2024-02-08 11:29:54.543790,2025-02-07 11:29:54.544623
634,Customer Support,2.75,3.19,2024-02-08 11:29:54.543791,2025-02-07 11:29:54.544623
635,Customer Support,2.96,3.64,2024-02-08 11:29:54.543792,2025-02-07 11:29:54.544623
636,Sales,2.8,4.47,2024-02-08 11:29:54.543793,2025-02-07 11:29:54.544624
637,Sales,2.77,4.67,2024-02-08 11:29:54.543794,2025-02-07 11:29:54.544624
638,Marketing,2.62,3.27,2024-02-08 11:29:54.543795,2025-02-07 11:29:54.544624
639,IT,3.59,4.17,2024-02-08 11:29:54.543796,2025-02-07 11:29:54.544625
640,IT,2.21,4.58,2024-02-08 11:29:54.543797,2025-02-07 11:29:54.544625
641,IT,3.88,3.04,2024-02-08 11:29:54.543798,2025-02-07 11:29:54.544626
642,Finance,3.77,4.38,2024-02-08 11:29:54.543799,2025-02-07 11:29:54.544626
643,HR,2.45,4.74,2024-02-08 11:29:54.543800,2025-02-07 11:29:54.544626
644,IT,3.42,4.96,2024-02-08 11:29:54.543801,2025-02-07 11:29:54.544627
645,HR,2.98,3.94,2024-02-08 11:29:54.543802,2025-02-07 11:29:54.544627
646,Marketing,3.41,3.82,2024-02-08 11:29:54.543804,2025-02-07 11:29:54.544627
647,Customer Support,2.84,4.73,2024-02-08 11:29:54.543805,2025-02-07 11:29:54.544628
648,IT,3.69,4.05,2024-02-08 11:29:54.543806,2025-02-07 11:29:54.544628
649,Marketing,2.73,4.42,2024-02-08 11:29:54.543809,2025-02-07 11:29:54.544628
650,IT,2.66,4.05,2024-02-08 11:29:54.543811,2025-02-07 11:29:54.544629
651,Sales,2.48,3.76,2024-02-08 11:29:54.543813,2025-02-07 11:29:54.544629
652,Engineering,2.07,3.86,2024-02-08 11:29:54.543815,2025-02-07 11:29:54.544630
653,Marketing,3.81,4.01,2024-02-08 11:29:54.543895,2025-02-07 11:29:54.544630
654,IT,2.24,3.73,2024-02-08 11:29:54.543896,2025-02-07 11:29:54.544630
655,Engineering,2.76,3.06,2024-02-08 11:29:54.543897,2025-02-07 11:29:54.544631
656,Marketing,2.99,4.98,2024-02-08 11:29:54.543898,2025-02-07 11:29:54.544631
657,Finance,2.78,4.11,2024-02-08 11:29:54.543899,2025-02-07 11:29:54.544631
658,IT,3.32,4.69,2024-02-08 11:29:54.543901,2025-02-07 11:29:54.544632
659,Finance,2.14,3.77,2024-02-08 11:29:54.543902,2025-02-07 11:29:54.544632
660,Sales,2.92,4.98,2024-02-08 11:29:54.543903,2025-02-07 11:29:54.544632
661,IT,2.52,3.26,2024-02-08 11:29:54.543904,2025-02-07 11:29:54.544633
662,Customer Support,2.82,4.43,2024-02-08 11:29:54.543905,2025-02-07 11:29:54.544633
663,Sales,3.08,4.6,2024-02-08 11:29:54.543906,2025-02-07 11:29:54.544633
664,Engineering,3.82,4.27,2024-02-08 11:29:54.543907,2025-02-07 11:29:54.544634
665,Marketing,3.4,3.48,2024-02-08 11:29:54.543908,2025-02-07 11:29:54.544634
666,HR,3.59,4.1,2024-02-08 11:29:54.543909,2025-02-07 11:29:54.544634
667,Sales,3.29,4.58,2024-02-08 11:29:54.543910,2025-02-07 11:29:54.544635
668,HR,2.41,4.99,2024-02-08 11:29:54.543911,2025-02-07 11:29:54.544635
669,HR,2.05,3.22,2024-02-08 11:29:54.543912,2025-02-07 11:29:54.544636
670,Marketing,2.22,3.14,2024-02-08 11:29:54.543913,2025-02-07 11:29:54.544636
671,Engineering,3.9,3.87,2024-02-08 11:29:54.543915,2025-02-07 11:29:54.544636
672,Marketing,2.89,4.15,2024-02-08 11:29:54.543916,2025-02-07 11:29:54.544637
673,IT,2.32,3.42,2024-02-08 11:29:54.543917,2025-02-07 11:29:54.544637
674,Sales,3.39,4.35,2024-02-08 11:29:54.543918,2025-02-07 11:29:54.544638
675,HR,3.66,3.8,2024-02-08 11:29:54.543919,2025-02-07 11:29:54.544638
676,Marketing,3.42,3.74,2024-02-08 11:29:54.543920,2025-02-07 11:29:54.544638
677,Marketing,3.81,3.33,2024-02-08 11:29:54.543921,2025-02-07 11:29:54.544639
678,Marketing,3.82,3.12,2024-02-08 11:29:54.543922,2025-02-07 11:29:54.544639
679,Sales,2.78,4.43,2024-02-08 11:29:54.543923,2025-02-07 11:29:54.544640
680,Engineering,3.76,4.14,2024-02-08 11:29:54.543925,2025-02-07 11:29:54.544640
681,Customer Support,3.63,4.36,2024-02-08 11:29:54.543926,2025-02-07 11:29:54.544641
682,Marketing,3.39,3.05,2024-02-08 11:29:54.543927,2025-02-07 11:29:54.544641
683,Sales,3.63,4.75,2024-02-08 11:29:54.543928,2025-02-07 11:29:54.544641
684,HR,3.76,3.65,2024-02-08 11:29:54.543929,2025-02-07 11:29:54.544642
685,IT,2.95,3.38,2024-02-08 11:29:54.543930,2025-02-07 11:29:54.544642
686,Customer Support,2.74,3.3,2024-02-08 11:29:54.543931,2025-02-07 11:29:54.544642
687,Finance,2.83,3.41,2024-02-08 11:29:54.543932,2025-02-07 11:29:54.544643
688,Customer Support,3.59,4.41,2024-02-08 11:29:54.543933,2025-02-07 11:29:54.544643
689,Customer Support,2.85,4.65,2024-02-08 11:29:54.543934,2025-02-07 11:29:54.544644
690,Sales,2.36,3.77,2024-02-08 11:29:54.543936,2025-02-07 11:29:54.544644
691,Finance,3.21,4.45,2024-02-08 11:29:54.543938,2025-02-07 11:29:54.544644
692,Marketing,2.37,4.29,2024-02-08 11:29:54.543940,2025-02-07 11:29:54.544645
693,Marketing,3.86,4.85,2024-02-08 11:29:54.543942,2025-02-07 11:29:54.544645
694,Customer Support,2.08,4.57,2024-02-08 11:29:54.543945,2025-02-07 11:29:54.544645
695,Sales,3.56,3.29,2024-02-08 11:29:54.543947,2025-02-07 11:29:54.544646
696,Finance,3.5,4.59,2024-02-08 11:29:54.543949,2025-02-07 11:29:54.544646
697,Marketing,2.17,4.03,2024-02-08 11:29:54.543952,2025-02-07 11:29:54.544646
698,HR,3.82,3.07,2024-02-08 11:29:54.543954,2025-02-07 11:29:54.544647
699,Engineering,3.09,3.35,2024-02-08 11:29:54.543955,2025-02-07 11:29:54.544647
700,Engineering,3.09,4.7,2024-02-08 11:29:54.543956,2025-02-07 11:29:54.544648
701,Marketing,2.22,3.62,2024-02-08 11:29:54.543957,2025-02-07 11:29:54.544648
702,Finance,3.98,4.51,2024-02-08 11:29:54.543958,2025-02-07 11:29:54.544648
703,IT,2.86,4.81,2024-02-08 11:29:54.543960,2025-02-07 11:29:54.544649
704,Marketing,3.2,4.75,2024-02-08 11:29:54.543961,2025-02-07 11:29:54.544649
705,IT,2.74,3.93,2024-02-08 11:29:54.543962,2025-02-07 11:29:54.544650
706,IT,2.87,3.36,2024-02-08 11:29:54.543963,2025-02-07 11:29:54.544650
707,Finance,2.97,3.87,2024-02-08 11:29:54.543964,2025-02-07 11:29:54.544650
708,IT,3.59,3.72,2024-02-08 11:29:54.543965,2025-02-07 11:29:54.544651
709,HR,2.99,3.59,2024-02-08 11:29:54.543966,2025-02-07 11:29:54.544651
710,Finance,2.14,4.93,2024-02-08 11:29:54.543967,2025-02-07 11:29:54.544651
711,Marketing,3.38,4.7,2024-02-08 11:29:54.543968,2025-02-07 11:29:54.544652
712,Customer Support,3.87,3.17,2024-02-08 11:29:54.543969,2025-02-07 11:29:54.544652
713,HR,3.98,4.43,2024-02-08 11:29:54.543971,2025-02-07 11:29:54.544652
714,Sales,3.75,4.32,2024-02-08 11:29:54.543972,2025-02-07 11:29:54.544653
715,Engineering,3.4,3.69,2024-02-08 11:29:54.543973,2025-02-07 11:29:54.544653
716,Marketing,3.01,3.96,2024-02-08 11:29:54.543974,2025-02-07 11:29:54.544654
717,Marketing,2.93,3.99,2024-02-08 11:29:54.543975,2025-02-07 11:29:54.544654
718,Marketing,2.84,4.62,2024-02-08 11:29:54.543976,2025-02-07 11:29:54.544654
719,HR,2.85,3.04,2024-02-08 11:29:54.543977,2025-02-07 11:29:54.544655
720,Sales,3.46,3.92,2024-02-08 11:29:54.543978,2025-02-07 11:29:54.544655
721,Customer Support,3.93,4.4,2024-02-08 11:29:54.543979,2025-02-07 11:29:54.544655
722,Finance,3.28,4.85,2024-02-08 11:29:54.543980,2025-02-07 11:29:54.544656
723,Sales,3.96,4.56,2024-02-08 11:29:54.543981,2025-02-07 11:29:54.544656
724,HR,3.97,3.5,2024-02-08 11:29:54.543982,2025-02-07 11:29:54.544656
725,Marketing,4.0,3.09,2024-02-08 11:29:54.543983,2025-02-07 11:29:54.544657
726,Engineering,2.88,4.82,2024-02-08 11:29:54.543985,2025-02-07 11:29:54.544657
727,Marketing,3.05,4.61,2024-02-08 11:29:54.543986,2025-02-07 11:29:54.544658
728,Finance,3.88,3.62,2024-02-08 11:29:54.543987,2025-02-07 11:29:54.544658
729,IT,3.1,4.79,2024-02-08 11:29:54.543988,2025-02-07 11:29:54.544658
730,Engineering,2.22,3.14,2024-02-08 11:29:54.543989,2025-02-07 11:29:54.544659
731,Marketing,3.93,3.87,2024-02-08 11:29:54.543990,2025-02-07 11:29:54.544659
732,Customer Support,2.74,4.13,2024-02-08 11:29:54.543991,2025-02-07 11:29:54.544659
733,Engineering,2.12,4.28,2024-02-08 11:29:54.543992,2025-02-07 11:29:54.544660
734,IT,3.95,3.81,2024-02-08 11:29:54.543993,2025-02-07 11:29:54.544660
735,Sales,3.6,4.54,2024-02-08 11:29:54.543994,2025-02-07 11:29:54.544661
736,HR,3.73,4.88,2024-02-08 11:29:54.543995,2025-02-07 11:29:54.544661
737,Marketing,2.26,4.29,2024-02-08 11:29:54.543997,2025-02-07 11:29:54.544661
738,Finance,3.05,3.5,2024-02-08 11:29:54.543998,2025-02-07 11:29:54.544662
739,Sales,3.56,3.41,2024-02-08 11:29:54.543999,2025-02-07 11:29:54.544662
740,Marketing,3.68,4.97,2024-02-08 11:29:54.544000,2025-02-07 11:29:54.544662
741,Sales,3.21,4.28,2024-02-08 11:29:54.544001,2025-02-07 11:29:54.544663
742,Finance,2.26,3.75,2024-02-08 11:29:54.544002,2025-02-07 11:29:54.544663
743,Marketing,2.11,3.95,2024-02-08 11:29:54.544003,2025-02-07 11:29:54.544663
744,IT,3.2,4.64,2024-02-08 11:29:54.544004,2025-02-07 11:29:54.544664
745,IT,3.53,3.22,2024-02-08 11:29:54.544005,2025-02-07 11:29:54.544664
746,Finance,2.61,4.08,2024-02-08 11:29:54.544006,2025-02-07 11:29:54.544664
747,Engineering,3.41,3.08,2024-02-08 11:29:54.544007,2025-02-07 11:29:54.544665
748,Finance,3.69,4.81,2024-02-08 11:29:54.544008,2025-02-07 11:29:54.544665
749,Engineering,2.14,4.86,2024-02-08 11:29:54.544009,2025-02-07 11:29:54.544665
750,Marketing,2.66,4.46,2024-02-08 11:29:54.544010,2025-02-07 11:29:54.544666
751,Engineering,2.65,3.81,2024-02-08 11:29:54.544011,2025-02-07 11:29:54.544666
752,Marketing,3.26,4.3,2024-02-08 11:29:54.544012,2025-02-07 11:29:54.544666
753,Marketing,3.62,4.85,2024-02-08 11:29:54.544013,2025-02-07 11:29:54.544667
754,Customer Support,3.08,3.77,2024-02-08 11:29:54.544015,2025-02-07 11:29:54.544667
755,HR,3.77,3.45,2024-02-08 11:29:54.544016,2025-02-07 11:29:54.544668
756,Marketing,3.58,3.78,2024-02-08 11:29:54.544018,2025-02-07 11:29:54.544668
757,Engineering,2.29,4.03,2024-02-08 11:29:54.544020,2025-02-07 11:29:54.544668
758,HR,3.07,4.32,2024-02-08 11:29:54.544022,2025-02-07 11:29:54.544669
759,HR,3.8,3.01,2024-02-08 11:29:54.544025,2025-02-07 11:29:54.544669
760,Marketing,2.2,4.44,2024-02-08 11:29:54.544027,2025-02-07 11:29:54.544669
761,Finance,2.9,4.26,2024-02-08 11:29:54.544029,2025-02-07 11:29:54.544670
762,Finance,3.09,3.04,2024-02-08 11:29:54.544033,2025-02-07 11:29:54.544671
763,IT,2.52,3.71,2024-02-08 11:29:54.544035,2025-02-07 11:29:54.544671
764,HR,3.88,3.43,2024-02-08 11:29:54.544036,2025-02-07 11:29:54.544671
765,Marketing,3.91,3.9,2024-02-08 11:29:54.544038,2025-02-07 11:29:54.544672
766,Customer Support,2.88,4.18,2024-02-08 11:29:54.544039,2025-02-07 11:29:54.544672
767,Finance,2.08,4.72,2024-02-08 11:29:54.544040,2025-02-07 11:29:54.544673
768,Customer Support,3.53,3.38,2024-02-08 11:29:54.544041,2025-02-07 11:29:54.544673
769,Marketing,3.81,4.76,2024-02-08 11:29:54.544042,2025-02-07 11:29:54.544674
770,Marketing,2.61,3.4,2024-02-08 11:29:54.544043,2025-02-07 11:29:54.544675
771,HR,3.75,3.22,2024-02-08 11:29:54.544044,2025-02-07 11:29:54.544675
772,Customer Support,3.08,4.2,2024-02-08 11:29:54.544045,2025-02-07 11:29:54.544675
773,IT,3.87,4.83,2024-02-08 11:29:54.544046,2025-02-07 11:29:54.544676
774,HR,3.86,4.32,2024-02-08 11:29:54.544047,2025-02-07 11:29:54.544676
775,Sales,2.38,4.9,2024-02-08 11:29:54.544048,2025-02-07 11:29:54.544676
776,Customer Support,2.06,4.81,2024-02-08 11:29:54.544049,2025-02-07 11:29:54.544677
777,Finance,3.93,4.21,2024-02-08 11:29:54.544051,2025-02-07 11:29:54.544677
778,Finance,3.53,3.97,2024-02-08 11:29:54.544052,2025-02-07 11:29:54.544677
779,Finance,2.17,4.98,2024-02-08 11:29:54.544053,2025-02-07 11:29:54.544678
780,Engineering,2.09,3.5,2024-02-08 11:29:54.544054,2025-02-07 11:29:54.544678
781,Marketing,2.59,4.48,2024-02-08 11:29:54.544055,2025-02-07 11:29:54.544679
782,HR,2.58,4.62,2024-02-08 11:29:54.544056,2025-02-07 11:29:54.544679
783,Finance,2.71,4.13,2024-02-08 11:29:54.544057,2025-02-07 11:29:54.544680
784,Sales,3.64,4.57,2024-02-08 11:29:54.544058,2025-02-07 11:29:54.544680
785,Finance,3.93,3.39,2024-02-08 11:29:54.544059,2025-02-07 11:29:54.544680
786,IT,3.73,4.44,2024-02-08 11:29:54.544060,2025-02-07 11:29:54.544681
787,Marketing,3.42,3.03,2024-02-08 11:29:54.544061,2025-02-07 11:29:54.544681
788,Customer Support,2.36,4.13,2024-02-08 11:29:54.544062,2025-02-07 11:29:54.544682
789,Marketing,3.87,4.61,2024-02-08 11:29:54.544063,2025-02-07 11:29:54.544682
790,Customer Support,3.19,4.57,2024-02-08 11:29:54.544064,2025-02-07 11:29:54.544682
791,Customer Support,2.31,3.9,2024-02-08 11:29:54.544066,2025-02-07 11:29:54.544683
792,HR,3.73,3.29,2024-02-08 11:29:54.544067,2025-02-07 11:29:54.544683
793,Engineering,2.02,4.74,2024-02-08 11:29:54.544068,2025-02-07 11:29:54.544683
794,Customer Support,2.95,3.73,2024-02-08 11:29:54.544069,2025-02-07 11:29:54.544684
795,Customer Support,2.46,3.18,2024-02-08 11:29:54.544070,2025-02-07 11:29:54.544684
796,HR,2.82,3.14,2024-02-08 11:29:54.544071,2025-02-07 11:29:54.544684
797,Finance,2.28,3.86,2024-02-08 11:29:54.544072,2025-02-07 11:29:54.544685
798,IT,2.51,3.04,2024-02-08 11:29:54.544073,2025-02-07 11:29:54.544685
799,Sales,2.26,4.07,2024-02-08 11:29:54.544074,2025-02-07 11:29:54.544685
800,HR,2.59,3.19,2024-02-08 11:29:54.544075,2025-02-07 11:29:54.544686
801,Engineering,3.12,4.7,2024-02-08 11:29:54.544076,2025-02-07 11:29:54.544686
802,HR,3.74,4.32,2024-02-08 11:29:54.544078,2025-02-07 11:29:54.544687
803,Marketing,2.3,3.37,2024-02-08 11:29:54.544079,2025-02-07 11:29:54.544687
804,Finance,2.26,4.36,2024-02-08 11:29:54.544080,2025-02-07 11:29:54.544687
805,Finance,2.52,3.48,2024-02-08 11:29:54.544081,2025-02-07 11:29:54.544688
806,Customer Support,3.79,4.32,2024-02-08 11:29:54.544082,2025-02-07 11:29:54.544688
807,Finance,3.87,3.73,2024-02-08 11:29:54.544083,2025-02-07 11:29:54.544688
808,Finance,2.65,3.57,2024-02-08 11:29:54.544084,2025-02-07 11:29:54.544689
809,Finance,3.16,3.94,2024-02-08 11:29:54.544085,2025-02-07 11:29:54.544689
810,Finance,2.03,3.28,2024-02-08 11:29:54.544086,2025-02-07 11:29:54.544689
811,Sales,2.39,3.34,2024-02-08 11:29:54.544087,2025-02-07 11:29:54.544690
812,Engineering,2.98,4.98,2024-02-08 11:29:54.544088,2025-02-07 11:29:54.544690
813,Customer Support,2.73,4.05,2024-02-08 11:29:54.544090,2025-02-07 11:29:54.544691
814,Finance,3.13,3.94,2024-02-08 11:29:54.544091,2025-02-07 11:29:54.544691
815,Customer Support,2.24,4.69,2024-02-08 11:29:54.544092,2025-02-07 11:29:54.544691
816,Engineering,3.07,3.74,2024-02-08 11:29:54.544093,2025-02-07 11:29:54.544692
817,IT,2.58,3.87,2024-02-08 11:29:54.544094,2025-02-07 11:29:54.544692
818,Finance,3.76,4.07,2024-02-08 11:29:54.544095,2025-02-07 11:29:54.544692
819,Customer Support,3.84,3.85,2024-02-08 11:29:54.544096,2025-02-07 11:29:54.544693
820,HR,3.44,4.21,2024-02-08 11:29:54.544098,2025-02-07 11:29:54.544693
821,Customer Support,2.44,4.35,2024-02-08 11:29:54.544100,2025-02-07 11:29:54.544693
822,Finance,2.05,4.78,2024-02-08 11:29:54.544102,2025-02-07 11:29:54.544694
823,Marketing,3.24,3.36,2024-02-08 11:29:54.544104,2025-02-07 11:29:54.544694
824,Sales,3.42,3.02,2024-02-08 11:29:54.544107,2025-02-07 11:29:54.544694
825,HR,3.93,3.52,2024-02-08 11:29:54.544109,2025-02-07 11:29:54.544695
826,HR,2.46,4.75,2024-02-08 11:29:54.544111,2025-02-07 11:29:54.544695
827,Marketing,2.01,4.43,2024-02-08 11:29:54.544113,2025-02-07 11:29:54.544696
828,Finance,3.78,3.63,2024-02-08 11:29:54.544115,2025-02-07 11:29:54.544696
829,Sales,3.47,4.59,2024-02-08 11:29:54.544118,2025-02-07 11:29:54.544696
830,HR,2.71,3.51,2024-02-08 11:29:54.544120,2025-02-07 11:29:54.544697
831,Sales,3.89,4.57,2024-02-08 11:29:54.544122,2025-02-07 11:29:54.544697
832,HR,3.18,3.3,2024-02-08 11:29:54.544123,2025-02-07 11:29:54.544697
833,Finance,3.65,4.16,2024-02-08 11:29:54.544124,2025-02-07 11:29:54.544698
834,IT,2.2,4.26,2024-02-08 11:29:54.544125,2025-02-07 11:29:54.544698
835,HR,3.72,4.02,2024-02-08 11:29:54.544126,2025-02-07 11:29:54.544699
836,IT,2.61,4.75,2024-02-08 11:29:54.544127,2025-02-07 11:29:54.544699
837,HR,3.54,4.24,2024-02-08 11:29:54.544128,2025-02-07 11:29:54.544699
838,Engineering,3.0,3.34,2024-02-08 11:29:54.544129,2025-02-07 11:29:54.544700
839,Finance,2.07,3.63,2024-02-08 11:29:54.544130,2025-02-07 11:29:54.544700
840,Marketing,2.05,4.1,2024-02-08 11:29:54.544131,2025-02-07 11:29:54.544700
841,IT,3.9,3.77,2024-02-08 11:29:54.544133,2025-02-07 11:29:54.544701
842,Marketing,2.24,3.99,2024-02-08 11:29:54.544134,2025-02-07 11:29:54.544701
843,Finance,3.42,4.43,2024-02-08 11:29:54.544135,2025-02-07 11:29:54.544701
844,Customer Support,2.83,4.28,2024-02-08 11:29:54.544136,2025-02-07 11:29:54.544702
845,Marketing,2.05,4.48,2024-02-08 11:29:54.544137,2025-02-07 11:29:54.544702
846,Finance,3.11,4.3,2024-02-08 11:29:54.544138,2025-02-07 11:29:54.544702
847,Marketing,2.22,3.13,2024-02-08 11:29:54.544139,2025-02-07 11:29:54.544703
848,IT,3.64,4.1,2024-02-08 11:29:54.544140,2025-02-07 11:29:54.544703
849,Engineering,2.09,4.4,2024-02-08 11:29:54.544141,2025-02-07 11:29:54.544704
850,Marketing,2.41,3.69,2024-02-08 11:29:54.544142,2025-02-07 11:29:54.544704
851,IT,2.76,4.2,2024-02-08 11:29:54.544143,2025-02-07 11:29:54.544704
852,HR,3.23,3.56,2024-02-08 11:29:54.544145,2025-02-07 11:29:54.544705
853,Finance,3.36,3.11,2024-02-08 11:29:54.544146,2025-02-07 11:29:54.544705
854,Sales,2.94,4.06,2024-02-08 11:29:54.544147,2025-02-07 11:29:54.544705
855,Customer Support,3.71,4.62,2024-02-08 11:29:54.544148,2025-02-07 11:29:54.544706
856,Sales,2.75,4.08,2024-02-08 11:29:54.544149,2025-02-07 11:29:54.544707
857,Finance,3.7,4.39,2024-02-08 11:29:54.544150,2025-02-07 11:29:54.544707
858,Engineering,3.25,3.93,2024-02-08 11:29:54.544151,2025-02-07 11:29:54.544708
859,Marketing,3.02,4.17,2024-02-08 11:29:54.544152,2025-02-07 11:29:54.544708
860,Engineering,3.7,3.64,2024-02-08 11:29:54.544153,2025-02-07 11:29:54.544708
861,Sales,3.53,3.12,2024-02-08 11:29:54.544154,2025-02-07 11:29:54.544709
862,Customer Support,2.76,3.89,2024-02-08 11:29:54.544157,2025-02-07 11:29:54.544710
863,IT,3.73,3.34,2024-02-08 11:29:54.544158,2025-02-07 11:29:54.544710
864,Customer Support,3.86,3.57,2024-02-08 11:29:54.544159,2025-02-07 11:29:54.544710
865,Finance,2.24,4.03,2024-02-08 11:29:54.544160,2025-02-07 11:29:54.544711
866,Finance,3.95,3.81,2024-02-08 11:29:54.544161,2025-02-07 11:29:54.544711
867,Engineering,3.23,4.51,2024-02-08 11:29:54.544162,2025-02-07 11:29:54.544712
868,IT,3.92,4.05,2024-02-08 11:29:54.544163,2025-02-07 11:29:54.544712
869,Engineering,3.21,3.22,2024-02-08 11:29:54.544164,2025-02-07 11:29:54.544712
870,Marketing,3.36,4.27,2024-02-08 11:29:54.544165,2025-02-07 11:29:54.544713
871,HR,2.94,4.03,2024-02-08 11:29:54.544167,2025-02-07 11:29:54.544713
872,IT,3.88,4.03,2024-02-08 11:29:54.544168,2025-02-07 11:29:54.544713
873,HR,2.74,4.37,2024-02-08 11:29:54.544169,2025-02-07 11:29:54.544714
874,Customer Support,3.61,3.65,2024-02-08 11:29:54.544170,2025-02-07 11:29:54.544714
875,Marketing,2.18,4.85,2024-02-08 11:29:54.544171,2025-02-07 11:29:54.544714
876,HR,2.17,4.63,2024-02-08 11:29:54.544172,2025-02-07 11:29:54.544715
877,Sales,2.32,4.62,2024-02-08 11:29:54.544173,2025-02-07 11:29:54.544715
878,Customer Support,2.71,4.09,2024-02-08 11:29:54.544174,2025-02-07 11:29:54.544715
879,HR,2.69,3.86,2024-02-08 11:29:54.544175,2025-02-07 11:29:54.544716
880,Marketing,2.77,4.15,2024-02-08 11:29:54.544176,2025-02-07 11:29:54.544716
881,HR,2.95,4.5,2024-02-08 11:29:54.544178,2025-02-07 11:29:54.544717
882,Finance,3.16,3.32,2024-02-08 11:29:54.544179,2025-02-07 11:29:54.544717
883,Engineering,3.31,4.6,2024-02-08 11:29:54.544180,2025-02-07 11:29:54.544717
884,Sales,2.44,4.16,2024-02-08 11:29:54.544181,2025-02-07 11:29:54.544718
885,Finance,3.08,3.02,2024-02-08 11:29:54.544182,2025-02-07 11:29:54.544718
886,Finance,2.94,4.42,2024-02-08 11:29:54.544183,2025-02-07 11:29:54.544719
887,Marketing,2.5,3.78,2024-02-08 11:29:54.544185,2025-02-07 11:29:54.544719
888,Engineering,3.39,3.01,2024-02-08 11:29:54.544187,2025-02-07 11:29:54.544719
889,Engineering,3.93,4.1,2024-02-08 11:29:54.544189,2025-02-07 11:29:54.544720
890,IT,3.68,4.94,2024-02-08 11:29:54.544191,2025-02-07 11:29:54.544720
891,Customer Support,2.58,3.52,2024-02-08 11:29:54.544193,2025-02-07 11:29:54.544720
892,Sales,3.16,3.37,2024-02-08 11:29:54.544195,2025-02-07 11:29:54.544721
893,Customer Support,2.93,3.92,2024-02-08 11:29:54.544197,2025-02-07 11:29:54.544721
894,Marketing,3.52,3.87,2024-02-08 11:29:54.544199,2025-02-07 11:29:54.544721
895,Sales,3.66,4.25,2024-02-08 11:29:54.544201,2025-02-07 11:29:54.544722
896,IT,2.6,3.34,2024-02-08 11:29:54.544203,2025-02-07 11:29:54.544722
897,HR,3.29,3.51,2024-02-08 11:29:54.544205,2025-02-07 11:29:54.544722
898,Finance,2.93,4.39,2024-02-08 11:29:54.544208,2025-02-07 11:29:54.544723
899,Sales,3.41,4.57,2024-02-08 11:29:54.544210,2025-02-07 11:29:54.544723
900,Customer Support,3.31,3.16,2024-02-08 11:29:54.544212,2025-02-07 11:29:54.544723
901,Finance,2.19,4.0,2024-02-08 11:29:54.544214,2025-02-07 11:29:54.544724
902,Marketing,3.21,4.78,2024-02-08 11:29:54.544217,2025-02-07 11:29:54.544724
903,Customer Support,3.52,4.27,2024-02-08 11:29:54.544218,2025-02-07 11:29:54.544725
904,HR,2.82,3.21,2024-02-08 11:29:54.544219,2025-02-07 11:29:54.544725
905,Marketing,3.92,3.43,2024-02-08 11:29:54.544220,2025-02-07 11:29:54.544725
906,HR,3.14,3.04,2024-02-08 11:29:54.544221,2025-02-07 11:29:54.544726
907,HR,2.47,4.06,2024-02-08 11:29:54.544222,2025-02-07 11:29:54.544726
908,Finance,3.9,4.9,2024-02-08 11:29:54.544224,2025-02-07 11:29:54.544726
909,Marketing,2.63,3.68,2024-02-08 11:29:54.544225,2025-02-07 11:29:54.544727
910,Marketing,3.91,4.34,2024-02-08 11:29:54.544226,2025-02-07 11:29:54.544727
911,Sales,2.92,3.12,2024-02-08 11:29:54.544227,2025-02-07 11:29:54.544728
912,Customer Support,2.64,3.5,2024-02-08 11:29:54.544229,2025-02-07 11:29:54.544728
913,Marketing,2.45,4.05,2024-02-08 11:29:54.544231,2025-02-07 11:29:54.544729
914,Sales,3.76,4.14,2024-02-08 11:29:54.544233,2025-02-07 11:29:54.544730
915,Engineering,3.06,4.99,2024-02-08 11:29:54.544235,2025-02-07 11:29:54.544730
916,Engineering,3.57,3.31,2024-02-08 11:29:54.544237,2025-02-07 11:29:54.544731
917,Engineering,2.15,3.74,2024-02-08 11:29:54.544239,2025-02-07 11:29:54.544732
918,IT,2.91,4.56,2024-02-08 11:29:54.544241,2025-02-07 11:29:54.544732
919,Marketing,3.75,3.98,2024-02-08 11:29:54.544243,2025-02-07 11:29:54.544733
920,IT,3.26,4.51,2024-02-08 11:29:54.544246,2025-02-07 11:29:54.544733
921,Customer Support,3.65,4.3,2024-02-08 11:29:54.544248,2025-02-07 11:29:54.544734
922,Marketing,2.76,4.15,2024-02-08 11:29:54.544250,2025-02-07 11:29:54.544735
923,Sales,2.59,4.27,2024-02-08 11:29:54.544252,2025-02-07 11:29:54.544736
924,IT,2.88,4.42,2024-02-08 11:29:54.544253,2025-02-07 11:29:54.544736
925,IT,3.39,4.47,2024-02-08 11:29:54.544254,2025-02-07 11:29:54.544737
926,Customer Support,2.16,4.39,2024-02-08 11:29:54.544255,2025-02-07 11:29:54.544738
927,IT,3.21,4.99,2024-02-08 11:29:54.544256,2025-02-07 11:29:54.544738
928,HR,2.92,3.79,2024-02-08 11:29:54.544257,2025-02-07 11:29:54.544738
929,Sales,2.76,4.46,2024-02-08 11:29:54.544258,2025-02-07 11:29:54.544739
930,Engineering,3.16,3.81,2024-02-08 11:29:54.544259,2025-02-07 11:29:54.544740
931,Sales,2.54,3.66,2024-02-08 11:29:54.544260,2025-02-07 11:29:54.544741
932,HR,2.42,3.87,2024-02-08 11:29:54.544261,2025-02-07 11:29:54.544742
933,Customer Support,3.95,4.35,2024-02-08 11:29:54.544262,2025-02-07 11:29:54.544742
934,Customer Support,2.52,3.52,2024-02-08 11:29:54.544263,2025-02-07 11:29:54.544743
935,Marketing,3.7,4.1,2024-02-08 11:29:54.544264,2025-02-07 11:29:54.544744
936,Sales,3.49,3.19,2024-02-08 11:29:54.544265,2025-02-07 11:29:54.544744
937,Customer Support,2.78,4.76,2024-02-08 11:29:54.544267,2025-02-07 11:29:54.544745
938,IT,3.53,3.87,2024-02-08 11:29:54.544268,2025-02-07 11:29:54.544746
939,Customer Support,3.57,3.48,2024-02-08 11:29:54.544269,2025-02-07 11:29:54.544747
940,Customer Support,2.53,4.92,2024-02-08 11:29:54.544270,2025-02-07 11:29:54.544748
941,Customer Support,3.39,3.97,2024-02-08 11:29:54.544271,2025-02-07 11:29:54.544748
942,Customer Support,2.0,4.4,2024-02-08 11:29:54.544272,2025-02-07 11:29:54.544749
943,Engineering,3.01,3.16,2024-02-08 11:29:54.544273,2025-02-07 11:29:54.544749
944,Engineering,2.11,3.35,2024-02-08 11:29:54.544274,2025-02-07 11:29:54.544750
945,Marketing,2.33,4.94,2024-02-08 11:29:54.544275,2025-02-07 11:29:54.544750
946,Customer Support,3.19,3.02,2024-02-08 11:29:54.544276,2025-02-07 11:29:54.544751
947,Sales,2.45,3.57,2024-02-08 11:29:54.544277,2025-02-07 11:29:54.544751
948,HR,2.11,3.34,2024-02-08 11:29:54.544278,2025-02-07 11:29:54.544751
949,Marketing,2.98,4.89,2024-02-08 11:29:54.544279,2025-02-07 11:29:54.544752
950,Sales,3.24,3.22,2024-02-08 11:29:54.544280,2025-02-07 11:29:54.544752
951,Customer Support,3.22,3.15,2024-02-08 11:29:54.544281,2025-02-07 11:29:54.544752
952,Finance,3.12,3.45,2024-02-08 11:29:54.544282,2025-02-07 11:29:54.544753
953,Customer Support,3.62,3.19,2024-02-08 11:29:54.544283,2025-02-07 11:29:54.544753
954,Engineering,3.38,3.54,2024-02-08 11:29:54.544284,2025-02-07 11:29:54.544753
955,HR,2.78,3.52,2024-02-08 11:29:54.544285,2025-02-07 11:29:54.544754
956,IT,3.12,4.37,2024-02-08 11:29:54.544286,2025-02-07 11:29:54.544754
957,HR,2.82,3.54,2024-02-08 11:29:54.544288,2025-02-07 11:29:54.544755
958,IT,2.7,3.24,2024-02-08 11:29:54.544289,2025-02-07 11:29:54.544755
959,HR,2.16,4.97,2024-02-08 11:29:54.544290,2025-02-07 11:29:54.544755
960,Engineering,3.75,4.79,2024-02-08 11:29:54.544291,2025-02-07 11:29:54.544756
961,IT,3.32,3.34,2024-02-08 11:29:54.544292,2025-02-07 11:29:54.544756
962,Sales,3.23,4.18,2024-02-08 11:29:54.544293,2025-02-07 11:29:54.544756
963,IT,2.07,4.76,2024-02-08 11:29:54.544294,2025-02-07 11:29:54.544757
964,Marketing,3.74,3.71,2024-02-08 11:29:54.544295,2025-02-07 11:29:54.544757
965,Sales,3.4,3.86,2024-02-08 11:29:54.544296,2025-02-07 11:29:54.544757
966,Marketing,2.74,4.23,2024-02-08 11:29:54.544297,2025-02-07 11:29:54.544758
967,Customer Support,2.05,4.11,2024-02-08 11:29:54.544298,2025-02-07 11:29:54.544758
968,HR,2.17,3.9,2024-02-08 11:29:54.544299,2025-02-07 11:29:54.544758
969,Sales,2.64,4.05,2024-02-08 11:29:54.544300,2025-02-07 11:29:54.544759
970,HR,2.88,4.21,2024-02-08 11:29:54.544302,2025-02-07 11:29:54.544759
971,Customer Support,3.28,4.88,2024-02-08 11:29:54.544303,2025-02-07 11:29:54.544760
972,Finance,3.84,4.12,2024-02-08 11:29:54.544304,2025-02-07 11:29:54.544760
973,HR,3.35,3.58,2024-02-08 11:29:54.544305,2025-02-07 11:29:54.544760
974,Customer Support,3.81,3.69,2024-02-08 11:29:54.544307,2025-02-07 11:29:54.544762
975,HR,2.62,4.44,2024-02-08 11:29:54.544308,2025-02-07 11:29:54.544763
976,Customer Support,2.94,4.33,2024-02-08 11:29:54.544310,2025-02-07 11:29:54.544763
977,Marketing,2.57,3.62,2024-02-08 11:29:54.544311,2025-02-07 11:29:54.544764
978,Customer Support,2.35,4.81,2024-02-08 11:29:54.544312,2025-02-07 11:29:54.544764
979,IT,3.7,3.95,2024-02-08 11:29:54.544313,2025-02-07 11:29:54.544764
980,Finance,2.07,4.22,2024-02-08 11:29:54.544314,2025-02-07 11:29:54.544765
981,HR,2.65,4.89,2024-02-08 11:29:54.544315,2025-02-07 11:29:54.544765
982,Customer Support,3.6,3.34,2024-02-08 11:29:54.544316,2025-02-07 11:29:54.544766
983,Customer Support,3.55,3.89,2024-02-08 11:29:54.544317,2025-02-07 11:29:54.544766
984,HR,2.62,4.69,2024-02-08 11:29:54.544318,2025-02-07 11:29:54.544766
985,Finance,3.08,4.45,2024-02-08 11:29:54.544319,2025-02-07 11:29:54.544767
986,Finance,3.61,3.66,2024-02-08 11:29:54.544320,2025-02-07 11:29:54.544767
987,Customer Support,3.61,4.74,2024-02-08 11:29:54.544322,2025-02-07 11:29:54.544768
988,Sales,3.8,4.45,2024-02-08 11:29:54.544323,2025-02-07 11:29:54.544768
989,Marketing,3.03,4.66,2024-02-08 11:29:54.544324,2025-02-07 11:29:54.544768
990,Finance,2.52,4.25,2024-02-08 11:29:54.544325,2025-02-07 11:29:54.544769
991,Finance,3.19,4.59,2024-02-08 11:29:54.544326,2025-02-07 11:29:54.544769
992,Engineering,2.54,3.87,2024-02-08 11:29:54.544327,2025-02-07 11:29:54.544769
993,IT,2.12,3.29,2024-02-08 11:29:54.544328,2025-02-07 11:29:54.544770
994,Finance,2.61,3.75,2024-02-08 11:29:54.544329,2025-02-07 11:29:54.544770
995,Marketing,3.04,3.72,2024-02-08 11:29:54.544331,2025-02-07 11:29:54.544770
996,IT,2.0,4.19,2024-02-08 11:29:54.544332,2025-02-07 11:29:54.544771
997,IT,3.28,3.31,2024-02-08 11:29:54.544333,2025-02-07 11:29:54.544771
998,HR,2.62,3.13,2024-02-08 11:29:54.544334,2025-02-07 11:29:54.544771
999,HR,3.98,3.95,2024-02-08 11:29:54.544335,2025-02-07 11:29:54.544772
1000,HR,3.59,3.12,2024-02-08 11:29:54.544336,2025-02-07 11:29:54.544772
