Employee_ID,Hire_Date,Department,Status,Termination_Date
1,2022-02-14 11:29:54.526045,IT,Involuntary Termination,
2,2023-12-09 11:29:54.526075,Finance,Active,
3,2022-12-04 11:29:54.526077,Engineering,Active,2024-07-23 11:29:54.531435
4,2024-08-22 11:29:54.526079,Finance,Voluntary Resignation,2024-07-08 11:29:54.531452
5,2024-08-12 11:29:54.526081,HR,Voluntary Resignation,2025-01-08 11:29:54.531457
6,2021-05-24 11:29:54.526083,Finance,Active,
7,2023-04-19 11:29:54.526085,Sales,Active,
8,2020-08-08 11:29:54.526088,HR,Active,
9,2022-11-22 11:29:54.526090,IT,Active,2024-06-27 11:29:54.531467
10,2023-07-06 11:29:54.526093,Marketing,Voluntary Resignation,
11,2020-10-02 11:29:54.526095,IT,Active,
12,2024-02-22 11:29:54.526096,Engineering,Active,
13,2021-03-20 11:29:54.526098,HR,Active,
14,2021-01-20 11:29:54.526100,HR,Active,2024-06-12 11:29:54.531476
15,2020-12-21 11:29:54.526102,Sales,Active,
16,2024-08-14 11:29:54.526104,Engineering,Active,
17,2020-06-13 11:29:54.526105,Marketing,Involuntary Termination,
18,2022-08-17 11:29:54.526107,Customer Support,Voluntary Resignation,
19,2022-10-30 11:29:54.526109,HR,Active,
20,2020-08-15 11:29:54.526111,HR,Voluntary Resignation,
21,2022-02-01 11:29:54.526113,Sales,Voluntary Resignation,2024-06-07 11:29:54.531485
22,2021-02-14 11:29:54.526115,Finance,Voluntary Resignation,2024-07-29 11:29:54.531489
23,2020-03-28 11:29:54.526117,Marketing,Active,
24,2020-06-14 11:29:54.526118,IT,Active,
25,2022-10-24 11:29:54.526120,Engineering,Active,2024-09-12 11:29:54.531495
26,2023-01-09 11:29:54.526122,HR,Active,
27,2023-10-21 11:29:54.526124,HR,Active,
28,2023-08-14 11:29:54.526126,IT,Active,
29,2022-12-04 11:29:54.526127,Marketing,Active,
30,2020-05-20 11:29:54.526129,Finance,Active,
31,2020-07-06 11:29:54.526131,HR,Active,2024-05-23 11:29:54.531502
32,2023-04-09 11:29:54.526132,Marketing,Active,
33,2020-02-06 11:29:54.526134,IT,Involuntary Termination,
34,2020-08-09 11:29:54.526136,Sales,Voluntary Resignation,
35,2019-10-08 11:29:54.526138,Finance,Voluntary Resignation,
36,2023-03-17 11:29:54.526139,Engineering,Involuntary Termination,
37,2023-05-14 11:29:54.526141,HR,Active,2024-08-02 11:29:54.531510
38,2021-06-29 11:29:54.526143,Marketing,Involuntary Termination,2024-05-29 11:29:54.531514
39,2022-11-11 11:29:54.526144,Sales,Active,
40,2020-05-12 11:29:54.526146,Engineering,Active,2024-11-11 11:29:54.531518
41,2020-09-22 11:29:54.526148,Customer Support,Active,2024-07-09 11:29:54.531522
42,2019-10-27 11:29:54.526150,Marketing,Active,2024-04-05 11:29:54.531528
43,2024-03-03 11:29:54.526151,Marketing,Active,
44,2019-12-26 11:29:54.526153,Engineering,Active,
45,2023-10-02 11:29:54.526155,Sales,Voluntary Resignation,
46,2020-12-26 11:29:54.526156,Customer Support,Active,
47,2020-07-04 11:29:54.526158,IT,Active,
48,2019-12-02 11:29:54.526160,Sales,Voluntary Resignation,
49,2019-12-06 11:29:54.526161,Finance,Active,2024-06-03 11:29:54.531537
50,2020-04-14 11:29:54.526163,HR,Active,2024-06-06 11:29:54.531541
51,2024-02-15 11:29:54.526165,Engineering,Active,2024-03-15 11:29:54.531545
52,2024-07-09 11:29:54.526166,IT,Active,
53,2022-06-30 11:29:54.526168,Customer Support,Active,
54,2023-07-05 11:29:54.526170,Engineering,Voluntary Resignation,
55,2021-06-24 11:29:54.526172,Engineering,Active,
56,2023-11-13 11:29:54.526173,Sales,Active,
57,2024-02-16 11:29:54.526175,HR,Voluntary Resignation,
58,2020-10-29 11:29:54.526177,Finance,Active,
59,2021-10-27 11:29:54.526179,Marketing,Active,2024-02-12 11:29:54.531554
60,2022-03-25 11:29:54.526180,Marketing,Active,
61,2022-10-22 11:29:54.526182,Engineering,Active,
62,2022-03-15 11:29:54.526184,HR,Active,
63,2023-04-12 11:29:54.526186,Customer Support,Active,
64,2024-01-02 11:29:54.526195,Customer Support,Active,
65,2020-05-26 11:29:54.526197,IT,Involuntary Termination,
66,2024-08-11 11:29:54.526199,Sales,Active,
67,2022-07-02 11:29:54.526201,HR,Active,
68,2023-02-28 11:29:54.526202,HR,Active,
69,2022-04-29 11:29:54.526204,Sales,Active,
70,2019-09-08 11:29:54.526206,Customer Support,Active,
71,2020-03-16 11:29:54.526208,Customer Support,Active,2024-02-21 11:29:54.531566
72,2021-04-07 11:29:54.526209,Customer Support,Voluntary Resignation,
73,2021-10-15 11:29:54.526211,Engineering,Active,
74,2020-02-29 11:29:54.526213,HR,Active,
75,2021-11-25 11:29:54.526214,Marketing,Active,2024-09-15 11:29:54.531572
76,2024-09-13 11:29:54.526216,Sales,Active,2024-08-19 11:29:54.531575
77,2020-01-11 11:29:54.526218,Customer Support,Active,
78,2024-05-03 11:29:54.526220,IT,Active,
79,2024-10-11 11:29:54.526221,Customer Support,Active,2024-10-28 11:29:54.531581
80,2024-05-15 11:29:54.526223,Customer Support,Active,
81,2021-03-05 11:29:54.526225,Finance,Voluntary Resignation,
82,2022-12-02 11:29:54.526227,Engineering,Involuntary Termination,
83,2024-02-19 11:29:54.526228,Sales,Voluntary Resignation,2024-06-12 11:29:54.531587
84,2022-06-08 11:29:54.526230,Finance,Voluntary Resignation,2024-12-07 11:29:54.531592
85,2020-02-14 11:29:54.526232,Finance,Active,
86,2019-11-26 11:29:54.526233,IT,Involuntary Termination,
87,2022-04-17 11:29:54.526235,HR,Active,
88,2022-11-28 11:29:54.526237,IT,Involuntary Termination,
89,2024-10-15 11:29:54.526239,HR,Involuntary Termination,2024-12-23 11:29:54.531598
90,2020-03-16 11:29:54.526240,HR,Active,
91,2023-10-18 11:29:54.526242,Sales,Involuntary Termination,
92,2019-12-02 11:29:54.526244,Customer Support,Active,
93,2021-03-25 11:29:54.526245,Sales,Active,
94,2022-04-25 11:29:54.526247,Engineering,Active,
95,2021-08-28 11:29:54.526249,HR,Active,
96,2020-11-26 11:29:54.526262,Finance,Active,
97,2021-02-07 11:29:54.526264,Customer Support,Active,
98,2024-01-23 11:29:54.526266,Marketing,Involuntary Termination,
99,2024-08-10 11:29:54.526268,Engineering,Active,
100,2020-01-29 11:29:54.526270,Sales,Voluntary Resignation,
101,2023-03-23 11:29:54.526271,IT,Voluntary Resignation,2024-06-01 11:29:54.531610
102,2021-01-19 11:29:54.526273,Engineering,Voluntary Resignation,2024-03-08 11:29:54.531614
103,2023-11-21 11:29:54.526275,Engineering,Involuntary Termination,2024-06-16 11:29:54.531618
104,2020-10-14 11:29:54.526276,Customer Support,Active,
105,2024-08-25 11:29:54.526279,Engineering,Involuntary Termination,2024-12-13 11:29:54.531622
106,2022-05-08 11:29:54.526281,Engineering,Voluntary Resignation,
107,2024-02-16 11:29:54.526283,Marketing,Active,
108,2024-03-09 11:29:54.526285,IT,Active,
109,2023-02-19 11:29:54.526286,IT,Active,
110,2020-09-07 11:29:54.526288,IT,Active,
111,2021-06-29 11:29:54.526290,HR,Active,
112,2022-06-21 11:29:54.526292,Finance,Active,
113,2024-07-30 11:29:54.526294,IT,Active,
114,2024-03-10 11:29:54.526295,Engineering,Active,
115,2022-04-18 11:29:54.526297,Engineering,Voluntary Resignation,
116,2021-04-15 11:29:54.526299,IT,Active,
117,2023-12-31 11:29:54.526300,Customer Support,Active,2024-03-09 11:29:54.531634
118,2022-10-29 11:29:54.526302,IT,Active,2024-08-03 11:29:54.531638
119,2019-09-14 11:29:54.526304,Engineering,Active,
120,2021-02-18 11:29:54.526306,HR,Voluntary Resignation,
121,2024-10-30 11:29:54.526307,Sales,Active,
122,2023-03-20 11:29:54.526309,Sales,Active,2024-09-01 11:29:54.531644
123,2024-02-23 11:29:54.526311,IT,Active,
124,2021-03-25 11:29:54.526312,Marketing,Active,
125,2020-12-07 11:29:54.526314,IT,Voluntary Resignation,
126,2022-05-28 11:29:54.526316,Customer Support,Active,
127,2020-05-19 11:29:54.526318,IT,Active,
128,2020-05-29 11:29:54.526320,Sales,Active,2024-09-26 11:29:54.531651
129,2024-07-15 11:29:54.526322,Engineering,Active,
130,2023-05-14 11:29:54.526323,IT,Active,
131,2020-04-26 11:29:54.526325,Engineering,Active,2024-04-11 11:29:54.531657
132,2020-04-03 11:29:54.526327,Engineering,Active,2024-12-03 11:29:54.531661
133,2022-11-14 11:29:54.526329,Marketing,Active,
134,2022-03-23 11:29:54.526330,Engineering,Active,
135,2021-06-06 11:29:54.526332,Sales,Voluntary Resignation,
136,2020-09-20 11:29:54.526334,HR,Involuntary Termination,2024-12-15 11:29:54.531667
137,2021-03-02 11:29:54.526336,HR,Active,
138,2019-08-25 11:29:54.526337,Finance,Voluntary Resignation,2024-10-29 11:29:54.531673
139,2021-05-12 11:29:54.526341,Customer Support,Active,
140,2024-04-28 11:29:54.526344,IT,Active,
141,2022-09-03 11:29:54.526347,Customer Support,Voluntary Resignation,
142,2023-07-20 11:29:54.526350,Sales,Voluntary Resignation,
143,2022-07-24 11:29:54.526353,Engineering,Involuntary Termination,
144,2022-09-22 11:29:54.526356,HR,Active,
145,2020-03-21 11:29:54.526359,Customer Support,Active,
146,2019-10-18 11:29:54.526362,Sales,Voluntary Resignation,2024-09-07 11:29:54.531687
147,2021-08-29 11:29:54.526366,HR,Active,
148,2024-01-18 11:29:54.526370,Engineering,Active,
149,2023-10-14 11:29:54.526371,Customer Support,Active,
150,2020-10-17 11:29:54.526373,HR,Active,
151,2020-08-25 11:29:54.526375,IT,Active,
152,2019-11-29 11:29:54.526377,IT,Active,
153,2019-12-29 11:29:54.526378,Finance,Voluntary Resignation,2024-04-20 11:29:54.531696
154,2023-05-10 11:29:54.526380,Finance,Active,
155,2021-03-03 11:29:54.526385,HR,Active,
156,2023-01-18 11:29:54.526389,Sales,Active,
157,2022-02-04 11:29:54.526391,IT,Active,
158,2022-05-28 11:29:54.526395,Sales,Active,
159,2023-05-22 11:29:54.526398,Sales,Active,2024-04-13 11:29:54.531703
160,2021-05-17 11:29:54.526401,HR,Voluntary Resignation,2024-05-11 11:29:54.531707
161,2019-09-05 11:29:54.526403,Sales,Active,
162,2023-08-25 11:29:54.526406,IT,Involuntary Termination,
163,2021-10-07 11:29:54.526409,Engineering,Active,
164,2022-12-25 11:29:54.526412,Finance,Active,
165,2021-03-02 11:29:54.526415,Engineering,Active,
166,2021-08-26 11:29:54.526418,Sales,Active,
167,2023-01-08 11:29:54.526421,Engineering,Voluntary Resignation,
168,2023-06-02 11:29:54.526424,IT,Active,
169,2019-10-05 11:29:54.526435,IT,Active,
170,2019-09-21 11:29:54.526436,Sales,Voluntary Resignation,
171,2023-08-25 11:29:54.526438,HR,Voluntary Resignation,
172,2020-03-18 11:29:54.526439,Engineering,Voluntary Resignation,
173,2021-02-18 11:29:54.526441,HR,Active,2024-04-10 11:29:54.531719
174,2022-01-12 11:29:54.526443,HR,Voluntary Resignation,
175,2020-01-17 11:29:54.526445,Marketing,Active,
176,2024-05-12 11:29:54.526447,Sales,Active,
177,2021-10-26 11:29:54.526449,Finance,Active,2024-05-11 11:29:54.531726
178,2024-01-03 11:29:54.526451,IT,Active,
179,2021-08-30 11:29:54.526453,IT,Active,
180,2022-07-17 11:29:54.526454,Sales,Active,
181,2019-09-03 11:29:54.526456,Customer Support,Voluntary Resignation,
182,2020-06-26 11:29:54.526458,Customer Support,Active,2024-08-03 11:29:54.531732
183,2023-06-17 11:29:54.526459,Customer Support,Active,
184,2024-01-28 11:29:54.526461,Finance,Active,2024-08-09 11:29:54.531737
185,2021-04-30 11:29:54.526463,IT,Voluntary Resignation,2024-05-18 11:29:54.531740
186,2021-03-23 11:29:54.526464,Sales,Active,2024-08-16 11:29:54.531744
187,2020-03-22 11:29:54.526466,IT,Active,
188,2021-10-08 11:29:54.526468,HR,Voluntary Resignation,
189,2022-12-27 11:29:54.526469,Engineering,Voluntary Resignation,
190,2020-03-28 11:29:54.526471,Engineering,Active,2024-07-12 11:29:54.531750
191,2022-04-14 11:29:54.526473,IT,Active,
192,2024-04-14 11:29:54.526474,Marketing,Voluntary Resignation,
193,2022-05-06 11:29:54.526476,Finance,Active,
194,2024-04-13 11:29:54.526478,Customer Support,Active,
195,2020-09-20 11:29:54.526480,Finance,Voluntary Resignation,2024-05-15 11:29:54.531757
196,2022-03-29 11:29:54.526483,Finance,Active,
197,2021-03-26 11:29:54.526487,HR,Active,2024-05-10 11:29:54.531761
198,2023-09-15 11:29:54.526490,Finance,Active,
199,2021-09-06 11:29:54.526493,Engineering,Active,2024-10-30 11:29:54.531766
200,2024-09-18 11:29:54.526496,HR,Active,
201,2023-01-01 11:29:54.526499,Sales,Voluntary Resignation,
202,2020-11-23 11:29:54.526504,Finance,Active,2024-02-23 11:29:54.531773
203,2020-02-14 11:29:54.526508,Finance,Active,
204,2021-08-15 11:29:54.526511,Sales,Active,2024-08-05 11:29:54.531777
205,2020-07-04 11:29:54.526514,Finance,Active,
206,2021-12-27 11:29:54.526528,Sales,Involuntary Termination,
207,2021-07-03 11:29:54.526530,HR,Active,
208,2021-06-19 11:29:54.526531,Engineering,Active,
209,2021-06-08 11:29:54.526533,Sales,Active,
210,2020-01-07 11:29:54.526535,Marketing,Active,
211,2023-12-06 11:29:54.526537,Sales,Active,
212,2024-08-27 11:29:54.526538,Finance,Active,
213,2023-03-24 11:29:54.526540,Customer Support,Involuntary Termination,2024-05-04 11:29:54.531786
214,2024-02-09 11:29:54.526542,Customer Support,Active,2024-05-19 11:29:54.531790
215,2022-06-01 11:29:54.526544,HR,Active,
216,2023-05-10 11:29:54.526545,IT,Active,
217,2021-09-07 11:29:54.526547,HR,Voluntary Resignation,
218,2020-06-03 11:29:54.526549,IT,Active,
219,2021-08-08 11:29:54.526550,Customer Support,Active,2024-12-24 11:29:54.531797
220,2019-09-23 11:29:54.526552,Customer Support,Active,2024-03-02 11:29:54.531800
221,2022-10-24 11:29:54.526554,Sales,Active,
222,2023-06-25 11:29:54.526556,Engineering,Voluntary Resignation,2024-05-13 11:29:54.531805
223,2023-01-11 11:29:54.526557,Marketing,Active,
224,2024-06-08 11:29:54.526559,HR,Active,2024-04-03 11:29:54.531810
225,2024-02-12 11:29:54.526561,Finance,Voluntary Resignation,
226,2022-03-08 11:29:54.526563,IT,Voluntary Resignation,
227,2020-03-10 11:29:54.526565,Finance,Involuntary Termination,
228,2019-10-29 11:29:54.526566,Engineering,Voluntary Resignation,
229,2024-06-20 11:29:54.526568,IT,Active,
230,2023-05-08 11:29:54.526570,HR,Active,2024-07-29 11:29:54.531880
231,2024-03-04 11:29:54.526572,Sales,Active,
232,2024-06-20 11:29:54.526573,Finance,Active,
233,2024-03-15 11:29:54.526575,Engineering,Active,
234,2022-08-07 11:29:54.526578,HR,Active,
235,2024-01-29 11:29:54.526579,Customer Support,Active,
236,2022-03-15 11:29:54.526581,Customer Support,Voluntary Resignation,
237,2023-10-25 11:29:54.526583,HR,Active,
238,2021-07-08 11:29:54.526585,HR,Involuntary Termination,
239,2024-01-16 11:29:54.526586,HR,Active,
240,2020-03-09 11:29:54.526588,IT,Active,2024-12-07 11:29:54.531892
241,2024-07-10 11:29:54.526590,HR,Active,2024-08-22 11:29:54.531896
242,2024-05-29 11:29:54.526592,Finance,Active,
243,2024-06-18 11:29:54.526593,Engineering,Active,
244,2023-01-09 11:29:54.526595,IT,Voluntary Resignation,
245,2021-03-19 11:29:54.526596,HR,Active,
246,2023-04-25 11:29:54.526598,Marketing,Active,
247,2022-08-16 11:29:54.526600,Marketing,Active,
248,2023-09-18 11:29:54.526602,Engineering,Active,
249,2024-07-12 11:29:54.526603,Customer Support,Voluntary Resignation,
250,2019-11-24 11:29:54.526605,Sales,Voluntary Resignation,
251,2022-02-22 11:29:54.526606,Sales,Active,2024-09-12 11:29:54.531906
252,2021-10-28 11:29:54.526608,Customer Support,Active,2025-01-04 11:29:54.531910
253,2023-05-18 11:29:54.526610,IT,Active,
254,2022-06-21 11:29:54.526612,IT,Voluntary Resignation,
255,2021-01-13 11:29:54.526613,IT,Active,2024-11-17 11:29:54.531915
256,2021-01-13 11:29:54.526615,Sales,Active,2024-07-30 11:29:54.531918
257,2022-10-19 11:29:54.526617,Marketing,Voluntary Resignation,
258,2024-03-12 11:29:54.526618,Sales,Active,
259,2020-04-26 11:29:54.526620,Finance,Voluntary Resignation,
260,2019-12-18 11:29:54.526622,HR,Active,
261,2022-02-08 11:29:54.526624,IT,Active,
262,2021-07-26 11:29:54.526625,Marketing,Active,
263,2022-09-30 11:29:54.526627,Engineering,Involuntary Termination,
264,2023-02-28 11:29:54.526629,Engineering,Voluntary Resignation,
265,2021-10-18 11:29:54.526631,HR,Active,2024-03-04 11:29:54.531927
266,2021-08-09 11:29:54.526633,Marketing,Active,
267,2024-08-15 11:29:54.526634,Sales,Active,
268,2019-10-31 11:29:54.526636,Sales,Voluntary Resignation,
269,2024-08-20 11:29:54.526638,Finance,Active,
270,2021-12-19 11:29:54.526639,Finance,Active,2024-06-25 11:29:54.531935
271,2022-03-20 11:29:54.526641,Sales,Active,
272,2023-02-16 11:29:54.526643,Engineering,Voluntary Resignation,
273,2021-06-25 11:29:54.526645,IT,Active,
274,2019-08-20 11:29:54.526647,Engineering,Active,
275,2022-09-07 11:29:54.526648,Finance,Active,2024-11-23 11:29:54.531941
276,2024-09-04 11:29:54.526650,HR,Voluntary Resignation,
277,2023-05-03 11:29:54.526652,Sales,Active,
278,2024-04-03 11:29:54.526654,Finance,Active,
279,2023-03-28 11:29:54.526655,Finance,Involuntary Termination,
280,2020-09-14 11:29:54.526657,IT,Active,2024-06-05 11:29:54.531948
281,2020-02-22 11:29:54.526659,Sales,Active,2025-01-02 11:29:54.531952
282,2020-03-19 11:29:54.526661,IT,Active,
283,2022-04-21 11:29:54.526662,Sales,Voluntary Resignation,
284,2022-06-19 11:29:54.526664,IT,Active,2024-11-21 11:29:54.531957
285,2024-05-15 11:29:54.526666,Engineering,Involuntary Termination,2024-10-01 11:29:54.531961
286,2019-08-23 11:29:54.526668,HR,Active,
287,2022-06-18 11:29:54.526670,HR,Active,
288,2022-09-30 11:29:54.526672,Sales,Active,
289,2023-03-14 11:29:54.526674,Marketing,Voluntary Resignation,2024-12-19 11:29:54.531966
290,2021-11-15 11:29:54.526676,Customer Support,Active,
291,2020-01-06 11:29:54.526677,Finance,Voluntary Resignation,
292,2021-09-30 11:29:54.526679,Finance,Active,2024-05-24 11:29:54.531988
293,2022-01-15 11:29:54.526681,Sales,Active,
294,2020-07-17 11:29:54.526683,IT,Active,
295,2022-08-18 11:29:54.526684,Marketing,Voluntary Resignation,
296,2023-09-04 11:29:54.526686,Engineering,Active,
297,2020-11-04 11:29:54.526688,IT,Active,
298,2023-04-24 11:29:54.526690,IT,Active,
299,2021-12-31 11:29:54.526691,Sales,Voluntary Resignation,
300,2021-09-09 11:29:54.526693,Sales,Active,
301,2024-04-16 11:29:54.526695,Finance,Voluntary Resignation,2024-06-09 11:29:54.531997
302,2022-01-05 11:29:54.526697,Sales,Active,2025-01-01 11:29:54.532001
303,2022-08-03 11:29:54.526698,Sales,Active,
304,2024-01-30 11:29:54.526700,Sales,Active,
305,2023-04-20 11:29:54.526702,Finance,Voluntary Resignation,
306,2020-08-20 11:29:54.526703,Engineering,Voluntary Resignation,
307,2022-09-24 11:29:54.526705,Engineering,Active,
308,2024-10-07 11:29:54.526707,Customer Support,Active,
309,2019-12-16 11:29:54.526709,Customer Support,Active,
310,2022-01-03 11:29:54.526711,Sales,Active,
311,2020-05-23 11:29:54.526713,Customer Support,Active,
312,2024-08-04 11:29:54.526715,Finance,Active,
313,2024-06-25 11:29:54.526717,Engineering,Active,
314,2021-10-05 11:29:54.526718,IT,Active,
315,2022-07-02 11:29:54.526720,Engineering,Active,
316,2024-03-26 11:29:54.526722,Engineering,Active,2024-02-19 11:29:54.532014
317,2020-12-07 11:29:54.526724,Finance,Active,2024-02-23 11:29:54.532018
318,2024-01-23 11:29:54.526725,Customer Support,Active,
319,2024-08-05 11:29:54.526735,IT,Voluntary Resignation,
320,2020-04-07 11:29:54.526737,Finance,Active,
321,2022-07-27 11:29:54.526739,Sales,Active,
322,2021-09-24 11:29:54.526741,HR,Active,
323,2023-01-03 11:29:54.526743,Engineering,Active,2024-11-28 11:29:54.532026
324,2021-12-24 11:29:54.526744,HR,Active,
325,2020-12-03 11:29:54.526746,Finance,Active,2024-04-29 11:29:54.532030
326,2020-10-04 11:29:54.526748,Finance,Voluntary Resignation,
327,2021-07-01 11:29:54.526750,Finance,Active,
328,2021-01-11 11:29:54.526751,HR,Active,
329,2022-12-18 11:29:54.526753,Finance,Active,
330,2024-06-02 11:29:54.526755,Sales,Active,
331,2023-08-01 11:29:54.526757,Finance,Active,
332,2024-03-28 11:29:54.526758,Marketing,Voluntary Resignation,
333,2024-04-20 11:29:54.526762,Customer Support,Active,2024-09-24 11:29:54.532039
334,2022-12-28 11:29:54.526765,HR,Active,
335,2020-12-29 11:29:54.526768,Marketing,Active,2024-09-17 11:29:54.532043
336,2022-06-17 11:29:54.526771,Finance,Active,2024-08-09 11:29:54.532047
337,2022-04-07 11:29:54.526774,Sales,Involuntary Termination,2024-06-27 11:29:54.532051
338,2024-05-20 11:29:54.526777,Engineering,Active,
339,2024-05-20 11:29:54.526781,IT,Active,
340,2023-07-19 11:29:54.526784,Customer Support,Active,2024-08-20 11:29:54.532056
341,2022-07-26 11:29:54.526788,IT,Involuntary Termination,
342,2020-01-12 11:29:54.526790,Finance,Active,
343,2023-07-26 11:29:54.526792,Customer Support,Active,
344,2023-12-26 11:29:54.526794,Customer Support,Active,
345,2023-06-12 11:29:54.526795,Sales,Active,
346,2022-03-25 11:29:54.526797,Customer Support,Active,
347,2023-04-22 11:29:54.526799,HR,Active,
348,2021-06-30 11:29:54.526801,Marketing,Active,2024-09-19 11:29:54.532064
349,2019-12-11 11:29:54.526802,Marketing,Active,
350,2024-10-15 11:29:54.526804,Marketing,Active,2024-08-06 11:29:54.532069
351,2023-06-23 11:29:54.526806,HR,Active,
352,2024-04-28 11:29:54.526808,IT,Active,2024-05-02 11:29:54.532074
353,2024-04-28 11:29:54.526809,Sales,Active,
354,2020-08-02 11:29:54.526813,Customer Support,Active,2024-09-14 11:29:54.532081
355,2021-07-26 11:29:54.526815,HR,Involuntary Termination,
356,2022-03-13 11:29:54.526817,Marketing,Active,2024-12-12 11:29:54.532085
357,2022-03-30 11:29:54.526818,Finance,Active,
358,2022-10-31 11:29:54.526820,Engineering,Active,2024-06-09 11:29:54.532089
359,2021-08-03 11:29:54.526822,Customer Support,Involuntary Termination,2024-09-25 11:29:54.532093
360,2021-04-24 11:29:54.526824,HR,Active,
361,2024-10-20 11:29:54.526825,HR,Active,
362,2024-08-20 11:29:54.526827,Sales,Active,2024-05-03 11:29:54.532099
363,2021-05-24 11:29:54.526829,Sales,Active,
364,2022-07-11 11:29:54.526830,HR,Active,2024-10-26 11:29:54.532103
365,2024-06-22 11:29:54.526832,Marketing,Active,
366,2021-02-08 11:29:54.526834,Engineering,Active,
367,2023-03-16 11:29:54.526836,Customer Support,Involuntary Termination,2024-02-18 11:29:54.532108
368,2019-10-14 11:29:54.526837,Sales,Active,
369,2021-07-25 11:29:54.526839,Customer Support,Active,2024-08-07 11:29:54.532113
370,2022-01-11 11:29:54.526841,Marketing,Active,
371,2019-12-30 11:29:54.526843,Customer Support,Active,
372,2023-12-22 11:29:54.526844,Finance,Active,
373,2023-02-20 11:29:54.526847,Sales,Active,
374,2021-04-10 11:29:54.526848,Marketing,Active,
375,2023-12-31 11:29:54.526850,Marketing,Voluntary Resignation,
376,2021-05-25 11:29:54.527258,Engineering,Voluntary Resignation,
377,2022-05-18 11:29:54.527270,Engineering,Active,
378,2020-08-30 11:29:54.527275,Finance,Active,2024-07-20 11:29:54.532122
379,2020-07-27 11:29:54.527278,Marketing,Voluntary Resignation,
380,2019-11-17 11:29:54.527282,IT,Active,
381,2020-12-10 11:29:54.527286,Marketing,Voluntary Resignation,
382,2021-04-16 11:29:54.527289,Engineering,Active,
383,2020-08-15 11:29:54.527294,IT,Active,
384,2023-06-27 11:29:54.527297,Sales,Active,
385,2023-03-28 11:29:54.527301,Sales,Active,
386,2024-10-08 11:29:54.527305,Customer Support,Active,
387,2021-05-01 11:29:54.527309,HR,Active,
388,2023-11-08 11:29:54.527312,Engineering,Active,2024-09-27 11:29:54.532132
389,2019-09-15 11:29:54.527316,HR,Active,
390,2023-07-21 11:29:54.527319,IT,Active,
391,2021-03-24 11:29:54.527323,Engineering,Involuntary Termination,
392,2023-08-09 11:29:54.527326,Finance,Active,
393,2021-08-28 11:29:54.527330,Marketing,Voluntary Resignation,2024-04-28 11:29:54.532140
394,2023-11-30 11:29:54.527333,Finance,Active,
395,2022-02-02 11:29:54.527337,IT,Active,
396,2019-11-25 11:29:54.527340,Engineering,Involuntary Termination,
397,2019-11-12 11:29:54.527343,IT,Active,
398,2021-05-08 11:29:54.527347,Marketing,Active,
399,2020-04-01 11:29:54.527350,Sales,Active,
400,2023-01-11 11:29:54.527354,Sales,Active,
401,2023-07-17 11:29:54.527357,IT,Active,
402,2023-12-17 11:29:54.527368,HR,Voluntary Resignation,
403,2022-04-07 11:29:54.527372,Engineering,Active,
404,2022-05-29 11:29:54.527375,Engineering,Active,
405,2022-07-01 11:29:54.527379,Sales,Active,
406,2024-06-28 11:29:54.527382,Customer Support,Active,2024-08-02 11:29:54.532155
407,2019-12-29 11:29:54.527386,Finance,Active,
408,2020-01-29 11:29:54.527390,Customer Support,Active,2024-09-14 11:29:54.532159
409,2024-10-29 11:29:54.527393,Marketing,Active,
410,2022-10-11 11:29:54.527397,Finance,Active,
411,2022-03-31 11:29:54.527400,Finance,Active,
412,2022-04-13 11:29:54.527404,IT,Active,
413,2024-06-07 11:29:54.527409,Sales,Active,
414,2022-04-28 11:29:54.527412,Customer Support,Active,
415,2020-11-17 11:29:54.527416,Customer Support,Voluntary Resignation,
416,2022-11-30 11:29:54.527420,Sales,Active,2024-08-27 11:29:54.532168
417,2021-05-09 11:29:54.527423,Customer Support,Active,
418,2024-02-12 11:29:54.527426,Sales,Active,
419,2022-05-23 11:29:54.527430,IT,Active,
420,2020-05-01 11:29:54.527433,HR,Active,
421,2022-07-19 11:29:54.527437,Finance,Active,
422,2023-05-29 11:29:54.527441,IT,Active,
423,2020-01-10 11:29:54.527444,Engineering,Active,2024-05-02 11:29:54.532176
424,2024-08-02 11:29:54.527447,Marketing,Active,2024-02-23 11:29:54.532179
425,2023-05-14 11:29:54.527451,HR,Active,
426,2022-05-12 11:29:54.527454,Engineering,Active,
427,2019-12-05 11:29:54.527458,Finance,Active,2024-05-20 11:29:54.532185
428,2024-03-31 11:29:54.527462,Customer Support,Involuntary Termination,
429,2020-09-20 11:29:54.527465,Sales,Voluntary Resignation,
430,2020-07-18 11:29:54.527469,Finance,Voluntary Resignation,
431,2021-01-07 11:29:54.527472,IT,Voluntary Resignation,
432,2021-12-20 11:29:54.527476,Marketing,Voluntary Resignation,
433,2021-12-02 11:29:54.527479,IT,Active,
434,2022-08-16 11:29:54.527483,HR,Active,
435,2020-06-20 11:29:54.527488,HR,Active,
436,2023-05-08 11:29:54.527492,Marketing,Active,
437,2021-04-21 11:29:54.527496,Engineering,Active,
438,2020-05-07 11:29:54.527499,Engineering,Active,
439,2021-05-15 11:29:54.527502,HR,Active,
440,2022-10-05 11:29:54.527507,HR,Active,
441,2021-02-26 11:29:54.527510,Customer Support,Voluntary Resignation,
442,2021-07-18 11:29:54.527513,Sales,Active,
443,2024-10-22 11:29:54.527517,Customer Support,Active,2024-07-17 11:29:54.532199
444,2020-10-23 11:29:54.527521,Customer Support,Active,2024-05-23 11:29:54.532202
445,2020-09-14 11:29:54.527524,Engineering,Active,
446,2022-11-08 11:29:54.527528,Marketing,Voluntary Resignation,
447,2024-02-14 11:29:54.527531,Engineering,Active,
448,2020-05-08 11:29:54.527535,Sales,Voluntary Resignation,
449,2022-07-18 11:29:54.527538,IT,Active,2024-05-28 11:29:54.532209
450,2020-07-26 11:29:54.527541,HR,Active,
451,2024-08-01 11:29:54.527545,HR,Active,
452,2024-01-14 11:29:54.527549,Sales,Active,
453,2024-07-21 11:29:54.527552,Customer Support,Active,
454,2021-12-16 11:29:54.527555,Marketing,Active,
455,2021-09-17 11:29:54.527559,HR,Active,
456,2024-03-03 11:29:54.527562,Finance,Voluntary Resignation,
457,2021-08-20 11:29:54.527566,Customer Support,Active,2024-06-07 11:29:54.532218
458,2022-05-04 11:29:54.527571,HR,Voluntary Resignation,2024-11-02 11:29:54.532222
459,2024-04-05 11:29:54.527575,Finance,Active,
460,2023-10-25 11:29:54.527579,Sales,Active,
461,2020-04-07 11:29:54.527582,Sales,Active,
462,2021-04-24 11:29:54.527586,Customer Support,Active,
463,2022-04-11 11:29:54.527589,HR,Active,
464,2019-12-06 11:29:54.527592,Engineering,Active,
465,2020-12-01 11:29:54.527596,Finance,Active,
466,2023-11-03 11:29:54.527599,Marketing,Voluntary Resignation,
467,2021-07-28 11:29:54.527603,HR,Active,
468,2024-02-28 11:29:54.527607,Marketing,Voluntary Resignation,
469,2020-04-14 11:29:54.527610,HR,Active,
470,2022-01-10 11:29:54.527614,Engineering,Active,
471,2024-07-03 11:29:54.527617,Engineering,Active,2024-09-09 11:29:54.532244
472,2022-01-24 11:29:54.527620,Customer Support,Active,
473,2021-05-15 11:29:54.527624,Customer Support,Active,
474,2019-11-18 11:29:54.527627,Engineering,Active,2024-09-06 11:29:54.532249
475,2021-02-01 11:29:54.527631,IT,Active,2024-08-19 11:29:54.532253
476,2020-02-10 11:29:54.527634,Engineering,Active,
477,2020-11-24 11:29:54.527638,Sales,Voluntary Resignation,2024-05-21 11:29:54.532257
478,2021-03-10 11:29:54.527642,Sales,Voluntary Resignation,
479,2020-06-30 11:29:54.527645,IT,Active,
480,2023-03-21 11:29:54.527648,Finance,Active,
481,2024-08-17 11:29:54.527652,Marketing,Active,
482,2020-09-30 11:29:54.527656,HR,Active,
483,2022-10-28 11:29:54.527659,HR,Active,
484,2019-11-23 11:29:54.527662,IT,Active,
485,2020-02-06 11:29:54.527666,Sales,Active,
486,2024-01-09 11:29:54.527669,Customer Support,Active,
487,2020-07-05 11:29:54.527673,HR,Active,
488,2020-08-15 11:29:54.527676,Sales,Voluntary Resignation,
489,2024-10-09 11:29:54.527680,Finance,Voluntary Resignation,
490,2021-01-25 11:29:54.527683,Marketing,Active,2024-08-28 11:29:54.532269
491,2021-03-11 11:29:54.527687,Finance,Voluntary Resignation,2024-04-19 11:29:54.532273
492,2022-11-23 11:29:54.527690,IT,Involuntary Termination,
493,2019-11-02 11:29:54.527694,Engineering,Active,
494,2020-04-24 11:29:54.527697,Engineering,Active,
495,2022-01-12 11:29:54.527700,Engineering,Active,
496,2020-07-17 11:29:54.527704,Finance,Voluntary Resignation,
497,2022-03-30 11:29:54.527708,HR,Voluntary Resignation,
498,2021-10-18 11:29:54.527711,Marketing,Active,
499,2023-07-13 11:29:54.527714,Engineering,Active,
500,2022-06-16 11:29:54.527718,IT,Active,2024-04-28 11:29:54.532283
501,2020-08-24 11:29:54.527721,IT,Active,
502,2023-05-02 11:29:54.527725,Engineering,Active,
503,2020-07-27 11:29:54.527728,Engineering,Voluntary Resignation,2024-12-27 11:29:54.532288
504,2021-09-21 11:29:54.527732,Marketing,Active,
505,2020-12-22 11:29:54.527735,Engineering,Voluntary Resignation,
506,2024-08-19 11:29:54.527739,Marketing,Voluntary Resignation,
507,2021-04-18 11:29:54.527742,IT,Active,
508,2021-01-18 11:29:54.527746,Engineering,Active,
509,2021-12-27 11:29:54.527749,Finance,Active,
510,2020-02-09 11:29:54.527753,Customer Support,Active,
511,2020-02-13 11:29:54.527757,Finance,Active,
512,2022-08-21 11:29:54.527761,IT,Active,
513,2024-07-12 11:29:54.527764,Marketing,Active,
514,2024-02-28 11:29:54.527767,Finance,Active,
515,2021-02-20 11:29:54.527771,Marketing,Active,2024-10-17 11:29:54.532300
516,2021-02-24 11:29:54.527775,Finance,Active,
517,2022-03-03 11:29:54.527778,Finance,Active,
518,2024-10-29 11:29:54.527781,Marketing,Active,
519,2019-11-15 11:29:54.527785,HR,Active,
520,2023-03-13 11:29:54.527788,Finance,Active,
521,2020-12-24 11:29:54.527792,Engineering,Active,
522,2020-10-14 11:29:54.527796,Customer Support,Active,2024-09-17 11:29:54.532308
523,2022-01-12 11:29:54.527799,IT,Active,2024-05-25 11:29:54.532312
524,2020-03-10 11:29:54.527803,HR,Active,
525,2023-01-13 11:29:54.527806,Marketing,Voluntary Resignation,
526,2021-07-14 11:29:54.527809,HR,Active,
527,2020-09-21 11:29:54.527813,Sales,Active,
528,2022-05-09 11:29:54.527903,Sales,Active,
529,2023-06-12 11:29:54.527907,Finance,Active,
530,2021-03-09 11:29:54.527911,Finance,Active,
531,2021-04-23 11:29:54.527915,Engineering,Active,
532,2024-03-22 11:29:54.527918,Customer Support,Active,
533,2022-11-03 11:29:54.527922,IT,Active,2024-07-10 11:29:54.532322
534,2024-05-20 11:29:54.527925,HR,Active,
535,2022-05-31 11:29:54.527928,Sales,Active,
536,2021-04-08 11:29:54.527932,Finance,Active,
537,2021-09-29 11:29:54.527936,IT,Involuntary Termination,2025-01-04 11:29:54.532328
538,2022-09-10 11:29:54.527939,HR,Active,
539,2021-11-06 11:29:54.527943,Finance,Active,
540,2022-10-27 11:29:54.527947,Finance,Active,
541,2023-07-17 11:29:54.527950,Sales,Active,
542,2022-02-18 11:29:54.527954,Sales,Active,2024-06-16 11:29:54.532335
543,2022-07-31 11:29:54.527957,Finance,Active,
544,2021-06-19 11:29:54.527961,Marketing,Active,
545,2022-09-09 11:29:54.527965,Finance,Active,2024-04-09 11:29:54.532340
546,2023-12-27 11:29:54.527968,IT,Active,
547,2020-10-27 11:29:54.527972,Finance,Active,
548,2021-03-11 11:29:54.527976,Engineering,Voluntary Resignation,
549,2020-11-04 11:29:54.527979,Customer Support,Active,2024-12-31 11:29:54.532346
550,2021-10-09 11:29:54.527994,Engineering,Active,
551,2021-09-09 11:29:54.527998,Engineering,Active,
552,2021-10-11 11:29:54.528001,Marketing,Active,
553,2020-01-29 11:29:54.528004,Marketing,Active,
554,2024-05-20 11:29:54.528008,Finance,Active,
555,2020-08-10 11:29:54.528011,Engineering,Active,
556,2023-08-13 11:29:54.528015,Marketing,Active,2024-05-21 11:29:54.532354
557,2020-11-09 11:29:54.528019,Sales,Active,
558,2021-12-20 11:29:54.528022,Finance,Active,
559,2023-11-05 11:29:54.528025,IT,Voluntary Resignation,
560,2023-07-15 11:29:54.528029,Customer Support,Active,
561,2023-11-09 11:29:54.528032,HR,Active,2024-10-30 11:29:54.532360
562,2022-07-16 11:29:54.528036,Finance,Active,
563,2020-05-28 11:29:54.528039,HR,Active,
564,2024-02-02 11:29:54.528043,Engineering,Voluntary Resignation,
565,2023-05-08 11:29:54.528046,Customer Support,Active,
566,2023-11-17 11:29:54.528050,HR,Active,
567,2024-08-28 11:29:54.528053,Engineering,Active,
568,2024-08-09 11:29:54.528057,Sales,Active,2024-03-03 11:29:54.532368
569,2021-05-22 11:29:54.528060,HR,Active,2024-05-23 11:29:54.532372
570,2023-11-23 11:29:54.528063,Customer Support,Active,
571,2021-04-04 11:29:54.528066,Finance,Active,2024-09-21 11:29:54.532377
572,2022-05-27 11:29:54.528070,Engineering,Active,
573,2021-12-31 11:29:54.528073,Finance,Active,
574,2023-05-21 11:29:54.528077,Customer Support,Voluntary Resignation,
575,2021-05-30 11:29:54.528080,Marketing,Voluntary Resignation,
576,2020-12-01 11:29:54.528084,Engineering,Voluntary Resignation,
577,2024-05-14 11:29:54.528087,HR,Active,
578,2020-11-10 11:29:54.528091,Engineering,Active,
579,2020-10-28 11:29:54.528094,Finance,Voluntary Resignation,
580,2022-06-09 11:29:54.528098,Sales,Active,
581,2020-03-12 11:29:54.528101,Engineering,Active,
582,2022-06-26 11:29:54.528105,HR,Voluntary Resignation,
583,2024-09-22 11:29:54.528108,Marketing,Voluntary Resignation,
584,2023-03-23 11:29:54.528111,IT,Active,
585,2024-07-09 11:29:54.528115,Sales,Active,
586,2021-10-29 11:29:54.528118,Marketing,Active,2024-04-10 11:29:54.532390
587,2020-09-13 11:29:54.528121,Engineering,Voluntary Resignation,
588,2020-10-28 11:29:54.528125,Finance,Voluntary Resignation,
589,2022-06-05 11:29:54.528128,Customer Support,Active,2024-09-28 11:29:54.532395
590,2020-03-31 11:29:54.528132,Finance,Active,
591,2021-08-08 11:29:54.528135,HR,Voluntary Resignation,
592,2020-07-08 11:29:54.528139,Finance,Active,
593,2022-11-24 11:29:54.528142,Sales,Active,2024-08-02 11:29:54.532401
594,2022-06-06 11:29:54.528148,Finance,Involuntary Termination,
595,2021-09-27 11:29:54.528152,HR,Active,
596,2021-11-01 11:29:54.528156,IT,Active,
597,2024-03-11 11:29:54.528159,Engineering,Active,
598,2022-08-21 11:29:54.528163,Customer Support,Active,
599,2024-05-09 11:29:54.528167,Engineering,Voluntary Resignation,
600,2022-05-16 11:29:54.528170,Finance,Active,
601,2023-03-23 11:29:54.528174,Marketing,Involuntary Termination,2024-09-06 11:29:54.532412
602,2020-12-28 11:29:54.528177,Engineering,Active,2024-05-30 11:29:54.532415
603,2020-04-11 11:29:54.528180,IT,Active,
604,2024-07-05 11:29:54.528184,Finance,Active,2024-04-06 11:29:54.532420
605,2024-09-02 11:29:54.528187,Customer Support,Active,
606,2022-03-17 11:29:54.528191,HR,Active,
607,2024-04-10 11:29:54.528194,IT,Active,
608,2019-11-20 11:29:54.528197,Finance,Active,2024-03-26 11:29:54.532426
609,2020-08-27 11:29:54.528201,IT,Active,2024-03-17 11:29:54.532430
610,2019-08-20 11:29:54.528204,Engineering,Active,
611,2022-12-09 11:29:54.528208,Customer Support,Active,2024-02-10 11:29:54.532434
612,2019-11-15 11:29:54.528211,HR,Active,
613,2023-11-03 11:29:54.528215,Finance,Active,2024-07-11 11:29:54.532439
614,2020-12-22 11:29:54.528218,Sales,Active,2024-09-23 11:29:54.532443
615,2020-06-24 11:29:54.528222,HR,Active,
616,2023-09-21 11:29:54.528225,Sales,Active,
617,2022-06-10 11:29:54.528229,IT,Active,
618,2023-08-20 11:29:54.528232,Marketing,Voluntary Resignation,
619,2024-04-15 11:29:54.528236,HR,Voluntary Resignation,
620,2023-05-21 11:29:54.528239,IT,Active,
621,2020-05-25 11:29:54.528243,Sales,Active,2024-11-15 11:29:54.532450
622,2022-06-07 11:29:54.528246,Engineering,Voluntary Resignation,
623,2022-07-07 11:29:54.528250,Engineering,Active,
624,2023-08-09 11:29:54.528253,Marketing,Voluntary Resignation,2024-11-08 11:29:54.532455
625,2019-11-05 11:29:54.528257,HR,Voluntary Resignation,2024-08-21 11:29:54.532459
626,2023-02-04 11:29:54.528261,HR,Voluntary Resignation,
627,2022-04-09 11:29:54.528264,HR,Active,2024-06-03 11:29:54.532463
628,2020-04-04 11:29:54.528267,IT,Active,
629,2023-10-03 11:29:54.528271,Customer Support,Active,2024-06-15 11:29:54.532468
630,2024-06-18 11:29:54.528274,Customer Support,Active,
631,2020-06-23 11:29:54.528278,Marketing,Active,
632,2021-06-14 11:29:54.528281,HR,Active,
633,2021-07-20 11:29:54.528284,IT,Active,
634,2024-08-20 11:29:54.528288,Engineering,Voluntary Resignation,
635,2019-12-10 11:29:54.528291,Sales,Active,
636,2020-08-11 11:29:54.528295,IT,Voluntary Resignation,
637,2022-08-01 11:29:54.528298,Customer Support,Voluntary Resignation,2024-04-24 11:29:54.532476
638,2023-05-20 11:29:54.528302,Customer Support,Active,
639,2021-04-23 11:29:54.528305,Engineering,Active,
640,2020-03-11 11:29:54.528308,Engineering,Voluntary Resignation,
641,2022-05-23 11:29:54.528312,Sales,Active,
642,2020-04-03 11:29:54.528315,Engineering,Active,2024-04-07 11:29:54.532483
643,2023-12-03 11:29:54.528318,Marketing,Active,2024-10-11 11:29:54.532487
644,2020-09-19 11:29:54.528322,Sales,Active,
645,2021-06-06 11:29:54.528326,Engineering,Active,
646,2024-03-03 11:29:54.528329,Finance,Active,2024-07-21 11:29:54.532492
647,2020-09-03 11:29:54.528332,IT,Active,
648,2021-07-05 11:29:54.528336,Engineering,Active,2024-03-06 11:29:54.532496
649,2020-06-03 11:29:54.528339,Marketing,Active,
650,2023-05-06 11:29:54.528343,HR,Active,2024-02-28 11:29:54.532501
651,2019-09-26 11:29:54.528346,Engineering,Active,
652,2022-06-28 11:29:54.528350,Customer Support,Voluntary Resignation,
653,2021-02-20 11:29:54.528353,Customer Support,Active,2024-09-03 11:29:54.532506
654,2022-02-07 11:29:54.528357,Customer Support,Active,
655,2023-11-16 11:29:54.528360,HR,Active,
656,2019-11-18 11:29:54.528364,Customer Support,Active,
657,2020-11-18 11:29:54.528367,Finance,Active,
658,2023-11-27 11:29:54.528370,Engineering,Voluntary Resignation,
659,2022-03-12 11:29:54.528374,Customer Support,Active,
660,2020-06-15 11:29:54.528377,Sales,Voluntary Resignation,
661,2021-10-06 11:29:54.528381,HR,Active,
662,2019-09-23 11:29:54.528384,Finance,Active,2024-04-28 11:29:54.532516
663,2021-02-09 11:29:54.528388,Sales,Active,
664,2024-09-19 11:29:54.528391,Sales,Voluntary Resignation,
665,2021-04-15 11:29:54.528395,Sales,Active,
666,2022-05-30 11:29:54.528398,Sales,Active,
667,2023-12-01 11:29:54.528402,Engineering,Active,
668,2024-10-19 11:29:54.528405,Customer Support,Active,
669,2024-08-28 11:29:54.528408,IT,Active,
670,2021-08-01 11:29:54.528412,Engineering,Active,
671,2023-03-26 11:29:54.528415,Engineering,Active,
672,2024-06-23 11:29:54.528419,Finance,Active,
673,2024-03-30 11:29:54.528422,Finance,Active,
674,2023-04-15 11:29:54.528426,Customer Support,Voluntary Resignation,
675,2023-07-26 11:29:54.528429,IT,Voluntary Resignation,
676,2024-03-12 11:29:54.528433,Finance,Voluntary Resignation,
677,2023-08-04 11:29:54.528436,Customer Support,Active,2024-07-21 11:29:54.532530
678,2022-10-17 11:29:54.528439,Customer Support,Active,
679,2023-02-17 11:29:54.528443,Marketing,Active,
680,2020-09-30 11:29:54.528446,IT,Active,
681,2023-09-13 11:29:54.528450,Finance,Active,
682,2021-10-06 11:29:54.528453,IT,Active,
683,2020-01-25 11:29:54.528460,Engineering,Active,
684,2020-10-24 11:29:54.528463,Engineering,Active,2024-06-29 11:29:54.532537
685,2022-02-21 11:29:54.528467,IT,Voluntary Resignation,
686,2023-10-11 11:29:54.528470,Marketing,Active,2024-10-17 11:29:54.532542
687,2020-12-12 11:29:54.528473,Marketing,Active,
688,2022-05-04 11:29:54.528477,IT,Active,
689,2019-11-16 11:29:54.528480,Finance,Active,
690,2022-11-21 11:29:54.528484,HR,Active,
691,2023-07-21 11:29:54.528488,Marketing,Voluntary Resignation,
692,2023-12-17 11:29:54.528491,Sales,Voluntary Resignation,
693,2021-08-19 11:29:54.528495,Engineering,Active,
694,2021-03-27 11:29:54.528498,IT,Voluntary Resignation,2024-03-31 11:29:54.532550
695,2023-05-17 11:29:54.528502,Sales,Involuntary Termination,2024-06-26 11:29:54.532554
696,2020-05-22 11:29:54.528505,IT,Voluntary Resignation,
697,2024-04-03 11:29:54.528508,Customer Support,Voluntary Resignation,
698,2023-10-02 11:29:54.528512,Engineering,Active,
699,2024-08-02 11:29:54.528515,Engineering,Active,
700,2022-06-21 11:29:54.528518,Marketing,Active,
701,2024-06-08 11:29:54.528522,Marketing,Active,
702,2023-01-19 11:29:54.528526,Sales,Involuntary Termination,
703,2020-01-15 11:29:54.528529,Customer Support,Active,
704,2023-04-25 11:29:54.528533,IT,Active,2024-11-23 11:29:54.532564
705,2021-11-26 11:29:54.528536,Customer Support,Voluntary Resignation,
706,2020-03-23 11:29:54.528539,Engineering,Voluntary Resignation,2024-05-15 11:29:54.532568
707,2020-10-24 11:29:54.528543,Sales,Involuntary Termination,
708,2024-08-15 11:29:54.528547,HR,Active,
709,2022-09-07 11:29:54.528550,Sales,Active,
710,2020-05-18 11:29:54.528554,Finance,Active,
711,2021-03-27 11:29:54.528557,Sales,Active,
712,2024-10-08 11:29:54.528560,Customer Support,Active,
713,2023-07-11 11:29:54.528564,Finance,Active,
714,2021-11-28 11:29:54.528568,Finance,Voluntary Resignation,
715,2024-04-28 11:29:54.528571,Finance,Active,
716,2023-03-14 11:29:54.528574,HR,Active,
717,2020-06-21 11:29:54.528578,Sales,Active,
718,2021-03-04 11:29:54.528581,Customer Support,Active,
719,2023-12-21 11:29:54.528585,Sales,Active,
720,2019-09-19 11:29:54.528589,HR,Voluntary Resignation,
721,2020-11-07 11:29:54.528592,Engineering,Active,2024-03-22 11:29:54.532581
722,2023-01-12 11:29:54.528596,Marketing,Voluntary Resignation,
723,2022-10-20 11:29:54.528599,Customer Support,Active,
724,2019-09-01 11:29:54.528603,Customer Support,Voluntary Resignation,
725,2024-10-29 11:29:54.528606,Sales,Active,
726,2021-06-30 11:29:54.528610,Marketing,Active,
727,2020-05-09 11:29:54.528613,IT,Active,
728,2021-04-15 11:29:54.528617,IT,Voluntary Resignation,
729,2023-01-30 11:29:54.528620,HR,Active,2024-10-05 11:29:54.532590
730,2021-07-18 11:29:54.528623,IT,Active,
731,2020-11-27 11:29:54.528627,Customer Support,Involuntary Termination,
732,2023-03-08 11:29:54.528631,IT,Voluntary Resignation,
733,2020-03-17 11:29:54.528634,Engineering,Active,2024-03-15 11:29:54.532596
734,2020-08-27 11:29:54.528638,Engineering,Active,
735,2022-12-14 11:29:54.528641,Engineering,Active,
736,2021-11-13 11:29:54.528644,IT,Active,
737,2020-06-10 11:29:54.528648,HR,Active,2024-09-21 11:29:54.532602
738,2024-09-24 11:29:54.528652,Finance,Voluntary Resignation,2024-05-04 11:29:54.532605
739,2024-09-14 11:29:54.528655,Finance,Voluntary Resignation,
740,2019-10-01 11:29:54.528658,Marketing,Active,2024-12-04 11:29:54.532610
741,2020-12-22 11:29:54.528661,Finance,Active,2024-12-10 11:29:54.532613
742,2020-02-22 11:29:54.528665,Finance,Active,
743,2020-11-03 11:29:54.528669,Engineering,Involuntary Termination,
744,2021-06-25 11:29:54.528672,Engineering,Involuntary Termination,
745,2021-06-21 11:29:54.528675,IT,Active,2024-10-04 11:29:54.532619
746,2021-10-20 11:29:54.528679,Marketing,Voluntary Resignation,
747,2024-04-10 11:29:54.528682,Sales,Active,2024-12-28 11:29:54.532624
748,2023-10-20 11:29:54.528686,Customer Support,Active,
749,2024-05-18 11:29:54.528689,Marketing,Active,
750,2020-02-10 11:29:54.528692,Marketing,Active,
751,2023-09-19 11:29:54.528696,HR,Active,
752,2024-04-15 11:29:54.528699,IT,Active,2024-08-10 11:29:54.532630
753,2022-06-13 11:29:54.528703,HR,Active,2024-05-07 11:29:54.532634
754,2022-09-18 11:29:54.528706,Marketing,Voluntary Resignation,2024-10-12 11:29:54.532638
755,2022-02-17 11:29:54.528709,Marketing,Active,
756,2021-08-12 11:29:54.528713,Marketing,Active,
757,2019-12-01 11:29:54.528716,Finance,Active,
758,2024-02-24 11:29:54.528720,Customer Support,Active,
759,2023-04-10 11:29:54.528723,Customer Support,Active,
760,2021-03-28 11:29:54.528727,HR,Active,
761,2020-07-17 11:29:54.528730,Marketing,Active,
762,2023-03-15 11:29:54.528735,Customer Support,Active,2024-06-20 11:29:54.532648
763,2023-02-01 11:29:54.528739,Engineering,Active,
764,2022-07-29 11:29:54.528742,Customer Support,Active,
765,2021-06-15 11:29:54.528746,IT,Active,
766,2020-03-20 11:29:54.528749,IT,Active,
767,2021-01-14 11:29:54.528753,Customer Support,Active,
768,2024-02-17 11:29:54.528756,Engineering,Voluntary Resignation,2024-06-23 11:29:54.532655
769,2022-04-01 11:29:54.528760,IT,Active,2024-04-23 11:29:54.532659
770,2022-06-07 11:29:54.528763,Finance,Active,2024-06-21 11:29:54.532662
771,2020-01-12 11:29:54.528766,Customer Support,Voluntary Resignation,2024-02-19 11:29:54.532666
772,2023-09-10 11:29:54.528770,Finance,Active,
773,2021-02-12 11:29:54.528773,Customer Support,Active,
774,2020-03-21 11:29:54.528777,Sales,Voluntary Resignation,
775,2021-12-27 11:29:54.528780,Sales,Voluntary Resignation,
776,2020-08-11 11:29:54.528784,Sales,Involuntary Termination,
777,2023-01-31 11:29:54.528787,IT,Active,
778,2023-06-04 11:29:54.528791,Finance,Active,
779,2024-09-18 11:29:54.528794,Finance,Active,
780,2023-07-05 11:29:54.528798,Finance,Active,
781,2024-08-04 11:29:54.528801,Engineering,Active,
782,2023-03-28 11:29:54.528805,Finance,Active,
783,2020-08-22 11:29:54.528808,Engineering,Voluntary Resignation,
784,2020-10-07 11:29:54.528812,Sales,Active,
785,2020-08-12 11:29:54.528815,Sales,Active,
786,2024-03-17 11:29:54.528818,IT,Active,
787,2023-04-28 11:29:54.528822,Customer Support,Active,
788,2020-01-20 11:29:54.528825,Sales,Active,2024-03-10 11:29:54.532681
789,2022-09-05 11:29:54.528829,Customer Support,Active,
790,2021-02-20 11:29:54.528832,Customer Support,Active,
791,2024-02-18 11:29:54.528836,IT,Active,
792,2020-02-03 11:29:54.528839,Marketing,Voluntary Resignation,
793,2023-01-18 11:29:54.528843,Marketing,Voluntary Resignation,2024-03-30 11:29:54.532688
794,2024-04-26 11:29:54.528846,HR,Active,
795,2023-12-02 11:29:54.528850,IT,Active,
796,2022-05-02 11:29:54.528853,HR,Voluntary Resignation,
797,2021-05-18 11:29:54.528857,HR,Voluntary Resignation,
798,2022-05-22 11:29:54.528860,Marketing,Active,
799,2024-08-13 11:29:54.528864,IT,Active,
800,2022-06-16 11:29:54.528867,Marketing,Active,
801,2021-11-20 11:29:54.528871,HR,Voluntary Resignation,
802,2023-08-22 11:29:54.528874,IT,Involuntary Termination,
803,2021-04-07 11:29:54.528877,HR,Active,
804,2024-05-24 11:29:54.528881,Finance,Voluntary Resignation,
805,2022-01-27 11:29:54.528884,Customer Support,Active,
806,2019-09-30 11:29:54.528888,IT,Involuntary Termination,
807,2019-11-18 11:29:54.528891,IT,Active,
808,2022-06-10 11:29:54.528895,Customer Support,Voluntary Resignation,
809,2022-01-25 11:29:54.528898,HR,Active,2024-02-26 11:29:54.532702
810,2023-10-12 11:29:54.528902,Finance,Active,
811,2021-01-11 11:29:54.528905,Engineering,Active,
812,2023-02-25 11:29:54.528908,Customer Support,Involuntary Termination,
813,2020-08-18 11:29:54.528912,Marketing,Voluntary Resignation,
814,2023-05-25 11:29:54.528915,HR,Voluntary Resignation,
815,2021-05-07 11:29:54.528919,Customer Support,Voluntary Resignation,
816,2022-07-15 11:29:54.528922,Customer Support,Active,
817,2022-06-02 11:29:54.528926,IT,Active,2024-09-13 11:29:54.532711
818,2023-11-16 11:29:54.528929,Marketing,Active,
819,2021-10-18 11:29:54.528933,Marketing,Active,
820,2022-11-19 11:29:54.528936,Marketing,Active,2024-03-12 11:29:54.532716
821,2022-08-04 11:29:54.528940,Customer Support,Active,
822,2023-09-15 11:29:54.528943,Engineering,Active,2024-09-16 11:29:54.532721
823,2022-03-11 11:29:54.528946,Sales,Active,
824,2022-06-30 11:29:54.528950,HR,Active,2024-05-14 11:29:54.532725
825,2020-07-19 11:29:54.528953,Sales,Active,
826,2022-08-01 11:29:54.528957,Customer Support,Involuntary Termination,
827,2023-06-23 11:29:54.528960,Sales,Voluntary Resignation,2024-05-11 11:29:54.532731
828,2021-09-27 11:29:54.528964,Customer Support,Involuntary Termination,
829,2021-06-07 11:29:54.528967,Sales,Active,
830,2023-10-16 11:29:54.528971,Marketing,Active,
831,2021-08-19 11:29:54.528974,Finance,Voluntary Resignation,
832,2024-01-04 11:29:54.528977,Marketing,Active,
833,2024-02-06 11:29:54.528981,Marketing,Active,
834,2024-06-23 11:29:54.528984,IT,Active,
835,2020-10-12 11:29:54.528988,IT,Active,
836,2023-05-30 11:29:54.528991,Sales,Active,
837,2020-03-18 11:29:54.528995,Customer Support,Active,
838,2023-03-08 11:29:54.528998,Marketing,Active,
839,2021-10-21 11:29:54.529002,Sales,Active,
840,2021-03-13 11:29:54.529005,IT,Active,
841,2020-09-09 11:29:54.529009,Finance,Voluntary Resignation,
842,2020-08-19 11:29:54.529012,HR,Active,
843,2020-11-24 11:29:54.529015,Sales,Active,
844,2024-01-21 11:29:54.529019,Finance,Voluntary Resignation,
845,2020-12-24 11:29:54.529022,HR,Active,2024-10-19 11:29:54.532745
846,2020-09-10 11:29:54.529026,Engineering,Active,
847,2022-10-24 11:29:54.529029,Sales,Active,
848,2022-06-13 11:29:54.529032,Sales,Active,
849,2021-11-22 11:29:54.529036,Engineering,Active,2024-04-10 11:29:54.532751
850,2022-06-20 11:29:54.529039,Engineering,Voluntary Resignation,2024-12-03 11:29:54.532755
851,2023-05-06 11:29:54.529043,Sales,Active,
852,2021-08-18 11:29:54.529046,Engineering,Active,
853,2019-08-29 11:29:54.529049,Marketing,Active,2024-03-27 11:29:54.532761
854,2022-05-30 11:29:54.529053,HR,Active,
855,2022-02-07 11:29:54.529057,HR,Active,
856,2022-11-13 11:29:54.529060,HR,Active,
857,2023-12-03 11:29:54.529064,Marketing,Active,
858,2021-09-14 11:29:54.529067,Customer Support,Active,2024-12-24 11:29:54.532768
859,2020-12-03 11:29:54.529070,Engineering,Active,2024-12-07 11:29:54.532773
860,2022-06-24 11:29:54.529074,Finance,Active,
861,2023-08-18 11:29:54.529077,Engineering,Voluntary Resignation,
862,2020-12-16 11:29:54.529082,Sales,Active,2024-02-19 11:29:54.532780
863,2020-04-28 11:29:54.529086,IT,Active,
864,2020-08-01 11:29:54.529089,HR,Active,
865,2022-12-15 11:29:54.529093,Engineering,Active,2024-07-20 11:29:54.532786
866,2020-09-16 11:29:54.529096,Finance,Active,
867,2023-06-14 11:29:54.529100,Sales,Active,
868,2024-01-19 11:29:54.529103,Marketing,Voluntary Resignation,
869,2019-10-13 11:29:54.529107,Customer Support,Voluntary Resignation,2024-07-13 11:29:54.532793
870,2020-11-24 11:29:54.529110,Marketing,Active,
871,2024-03-22 11:29:54.529114,Finance,Active,
872,2022-11-05 11:29:54.529117,Sales,Voluntary Resignation,
873,2024-04-14 11:29:54.529121,HR,Involuntary Termination,2024-07-19 11:29:54.532800
874,2020-01-19 11:29:54.529124,Engineering,Voluntary Resignation,2024-04-04 11:29:54.532804
875,2024-07-29 11:29:54.529128,Sales,Active,
876,2020-05-31 11:29:54.529131,Customer Support,Active,
877,2021-10-26 11:29:54.529135,Marketing,Active,
878,2024-01-01 11:29:54.529138,Customer Support,Active,2024-06-18 11:29:54.532810
879,2021-02-09 11:29:54.529142,Customer Support,Active,
880,2023-04-09 11:29:54.529145,Finance,Active,2024-03-10 11:29:54.532815
881,2024-08-15 11:29:54.529149,Finance,Voluntary Resignation,
882,2020-01-26 11:29:54.529152,Engineering,Active,2024-05-16 11:29:54.532820
883,2023-11-05 11:29:54.529156,Finance,Voluntary Resignation,2024-04-09 11:29:54.532824
884,2021-03-04 11:29:54.529159,Finance,Active,
885,2021-08-11 11:29:54.529163,Sales,Active,2024-08-16 11:29:54.532829
886,2022-05-16 11:29:54.529166,HR,Active,
887,2023-02-18 11:29:54.529170,Engineering,Voluntary Resignation,
888,2022-10-24 11:29:54.529173,Sales,Active,
889,2022-11-06 11:29:54.529176,HR,Active,
890,2020-06-01 11:29:54.529180,Customer Support,Involuntary Termination,
891,2024-01-16 11:29:54.529184,Sales,Active,
892,2022-12-29 11:29:54.529188,IT,Active,
893,2024-01-25 11:29:54.529191,Sales,Active,
894,2019-08-20 11:29:54.529195,Finance,Active,
895,2023-12-04 11:29:54.529198,HR,Active,
896,2020-06-24 11:29:54.529202,Engineering,Active,
897,2022-12-21 11:29:54.529205,Engineering,Active,
898,2021-08-30 11:29:54.529209,HR,Active,
899,2020-04-21 11:29:54.529212,Finance,Active,
900,2023-12-17 11:29:54.529216,Marketing,Active,
901,2022-10-26 11:29:54.529219,Sales,Active,2024-04-07 11:29:54.532846
902,2021-03-24 11:29:54.529223,Finance,Active,2024-06-06 11:29:54.532850
903,2024-05-04 11:29:54.529226,IT,Active,
904,2022-09-19 11:29:54.529230,Customer Support,Active,2024-09-03 11:29:54.532855
905,2021-08-14 11:29:54.529233,HR,Active,2024-07-06 11:29:54.532859
906,2020-03-01 11:29:54.529237,Sales,Voluntary Resignation,2024-10-22 11:29:54.532863
907,2024-07-13 11:29:54.529240,Engineering,Active,
908,2020-04-13 11:29:54.529244,Customer Support,Voluntary Resignation,2024-03-15 11:29:54.532868
909,2020-04-11 11:29:54.529247,Marketing,Involuntary Termination,
910,2023-06-16 11:29:54.529250,IT,Active,
911,2024-10-14 11:29:54.529254,Engineering,Active,
912,2019-12-18 11:29:54.529257,HR,Active,
913,2022-07-18 11:29:54.529261,Sales,Voluntary Resignation,
914,2023-10-05 11:29:54.529264,HR,Active,
915,2023-03-17 11:29:54.529267,Customer Support,Active,
916,2023-04-19 11:29:54.529271,Sales,Active,2024-03-13 11:29:54.532877
917,2020-07-03 11:29:54.529274,Finance,Voluntary Resignation,2024-07-25 11:29:54.532881
918,2023-08-16 11:29:54.529278,Marketing,Voluntary Resignation,
919,2020-03-02 11:29:54.529281,Finance,Active,2024-07-28 11:29:54.532886
920,2022-03-22 11:29:54.529285,Finance,Active,2024-03-22 11:29:54.532891
921,2022-07-17 11:29:54.529288,HR,Active,2024-04-20 11:29:54.532895
922,2020-03-15 11:29:54.529292,Customer Support,Active,
923,2021-03-21 11:29:54.529295,Marketing,Voluntary Resignation,
924,2021-12-14 11:29:54.529298,Sales,Active,2024-03-12 11:29:54.532902
925,2023-05-23 11:29:54.529302,Sales,Active,
926,2022-03-24 11:29:54.529305,IT,Active,
927,2024-09-07 11:29:54.529309,Engineering,Voluntary Resignation,
928,2023-01-02 11:29:54.529312,IT,Voluntary Resignation,
929,2022-01-18 11:29:54.529316,IT,Active,
930,2022-03-08 11:29:54.529319,Sales,Voluntary Resignation,
931,2022-11-27 11:29:54.529322,HR,Active,
932,2020-04-22 11:29:54.529326,Finance,Active,2024-05-13 11:29:54.532912
933,2021-09-05 11:29:54.529330,Customer Support,Active,2024-08-29 11:29:54.532916
934,2024-01-18 11:29:54.529333,Finance,Active,
935,2024-02-13 11:29:54.529337,Finance,Active,2024-06-21 11:29:54.532921
936,2020-01-04 11:29:54.529340,Marketing,Voluntary Resignation,
937,2022-06-21 11:29:54.529343,Sales,Active,
938,2021-12-31 11:29:54.529347,Customer Support,Active,2024-09-07 11:29:54.532927
939,2022-09-11 11:29:54.529350,HR,Active,2024-12-28 11:29:54.532931
940,2022-04-08 11:29:54.529354,Marketing,Active,2024-04-02 11:29:54.532934
941,2024-02-05 11:29:54.529357,Engineering,Voluntary Resignation,
942,2022-03-22 11:29:54.529361,HR,Active,2024-12-01 11:29:54.532939
943,2019-09-14 11:29:54.529364,IT,Active,
944,2020-12-01 11:29:54.529368,HR,Voluntary Resignation,
945,2023-04-11 11:29:54.529371,HR,Active,
946,2024-04-09 11:29:54.529374,Finance,Active,
947,2023-10-22 11:29:54.529378,HR,Active,
948,2021-02-16 11:29:54.529381,IT,Active,2024-12-08 11:29:54.532946
949,2024-10-15 11:29:54.529385,IT,Involuntary Termination,
950,2020-10-02 11:29:54.529388,Sales,Voluntary Resignation,
951,2020-12-11 11:29:54.529392,HR,Active,
952,2023-07-04 11:29:54.529395,Finance,Voluntary Resignation,
953,2022-08-13 11:29:54.529399,HR,Active,2024-10-25 11:29:54.532953
954,2024-04-23 11:29:54.529402,Engineering,Active,
955,2022-05-09 11:29:54.529405,Engineering,Active,
956,2022-08-01 11:29:54.529409,Finance,Active,2024-12-07 11:29:54.532958
957,2022-07-05 11:29:54.529412,Sales,Active,
958,2020-02-26 11:29:54.529416,Sales,Active,
959,2020-06-20 11:29:54.529419,IT,Voluntary Resignation,
960,2024-09-21 11:29:54.529423,IT,Active,
961,2024-08-16 11:29:54.529426,Marketing,Active,
962,2020-01-05 11:29:54.529430,Finance,Active,
963,2022-10-04 11:29:54.529433,HR,Active,2024-07-25 11:29:54.532965
964,2024-05-28 11:29:54.529437,Customer Support,Active,2024-09-22 11:29:54.532969
965,2024-03-06 11:29:54.529440,Finance,Active,
966,2023-01-20 11:29:54.529443,Marketing,Voluntary Resignation,
967,2023-09-15 11:29:54.529447,IT,Active,2024-02-19 11:29:54.532974
968,2022-09-19 11:29:54.529450,Finance,Active,
969,2023-03-01 11:29:54.529454,Finance,Active,
970,2020-01-01 11:29:54.529457,IT,Active,
971,2024-03-25 11:29:54.529461,Marketing,Active,2024-09-20 11:29:54.532980
972,2022-11-02 11:29:54.529464,IT,Active,
973,2020-10-06 11:29:54.529468,Sales,Active,
974,2022-11-18 11:29:54.529473,HR,Active,
975,2023-06-04 11:29:54.529477,IT,Active,2024-05-20 11:29:54.532988
976,2022-06-15 11:29:54.529480,Marketing,Active,
977,2020-11-29 11:29:54.529483,Engineering,Active,2024-12-09 11:29:54.532993
978,2020-07-26 11:29:54.529487,Sales,Voluntary Resignation,
979,2024-03-30 11:29:54.529490,Engineering,Active,
980,2019-12-11 11:29:54.529494,Customer Support,Voluntary Resignation,
981,2023-11-27 11:29:54.529497,IT,Active,
982,2023-06-23 11:29:54.529501,Sales,Voluntary Resignation,2024-09-19 11:29:54.532999
983,2019-11-11 11:29:54.529504,HR,Active,
984,2020-03-20 11:29:54.529508,IT,Active,2024-11-19 11:29:54.533003
985,2021-01-19 11:29:54.529511,HR,Active,
986,2024-07-31 11:29:54.529515,Finance,Voluntary Resignation,
987,2022-04-21 11:29:54.529518,Engineering,Active,
988,2023-08-16 11:29:54.529522,Sales,Active,
989,2019-10-06 11:29:54.529525,HR,Active,2024-02-25 11:29:54.533010
990,2024-02-12 11:29:54.529529,Marketing,Voluntary Resignation,
991,2024-03-01 11:29:54.529532,HR,Active,
992,2024-01-19 11:29:54.529535,Marketing,Voluntary Resignation,
993,2019-12-02 11:29:54.529539,IT,Active,
994,2021-05-08 11:29:54.529542,Sales,Active,
995,2019-12-19 11:29:54.529546,HR,Active,2024-09-25 11:29:54.533018
996,2020-12-10 11:29:54.529549,Customer Support,Involuntary Termination,
997,2020-02-27 11:29:54.529553,HR,Active,
998,2023-02-12 11:29:54.529556,Customer Support,Voluntary Resignation,
999,2024-07-26 11:29:54.529559,Sales,Active,2024-10-24 11:29:54.533024
1000,2021-10-20 11:29:54.529563,HR,Active,
